profile,record_type,field,record_section,path_to_field,data_type,required,repeats,group_repeats,data_source,option_list_values,record_type_machine_name,field_machine_name
publicart_6-0-0,Acquisition,Reference number,Acquisition Information,"",string,y,n,n/a,"","",acquisition,acquisitionReferenceNumber
publicart_6-0-0,Acquisition,Accession date,Acquisition Information,"",date,n,n,n/a,"","",acquisition,accessionDate
publicart_6-0-0,Acquisition,Authorizer,Acquisition Information,Authorization,string,n,n,n/a,authority: person/local,"",acquisition,acquisitionAuthorizer
publicart_6-0-0,Acquisition,Authorization date,Acquisition Information,Authorization,date,n,n,n/a,"","",acquisition,acquisitionAuthorizerDate
publicart_6-0-0,Acquisition,Acquisition date,Acquisition Information,"",date,n,y,n,"","",acquisition,acquisitionDate
publicart_6-0-0,Acquisition,Acquisition method,Acquisition Information,"",string,n,n,n/a,vocabulary: acquisitionmethod,"",acquisition,acquisitionMethod
publicart_6-0-0,Acquisition,Acquisition source,Acquisition Information,"",string,n,y,n,authority: person/local; authority: person/shared; authority: organization/local; authority: organization/shared,"",acquisition,acquisitionSource
publicart_6-0-0,Acquisition,Owner,Acquisition Information,"",string,n,y,n,authority: person/local; authority: person/shared; authority: organization/local; authority: organization/shared,"",acquisition,owner
publicart_6-0-0,Acquisition,Acquisition reason,Acquisition Information,"",string,n,n,n/a,"","",acquisition,acquisitionReason
publicart_6-0-0,Acquisition,Approval,Acquisition Information,Approval,string,n,n,y,vocabulary: deaccessionapprovalgroup,"",acquisition,approvalGroup
publicart_6-0-0,Acquisition,Approval individual,Acquisition Information,Approval,string,n,n,y,authority: person/local,"",acquisition,approvalIndividual
publicart_6-0-0,Acquisition,Approval status,Acquisition Information,Approval,string,n,n,y,vocabulary: deaccessionapprovalstatus,"",acquisition,approvalStatus
publicart_6-0-0,Acquisition,Approval status date,Acquisition Information,Approval,date,n,n,y,"","",acquisition,approvalDate
publicart_6-0-0,Acquisition,Approval note,Acquisition Information,Approval,string,n,n,y,"","",acquisition,approvalNote
publicart_6-0-0,Acquisition,Note,Acquisition Information,"",string,n,n,n/a,"","",acquisition,acquisitionNote
publicart_6-0-0,Acquisition,Funding currency,Acquisition Information,Funding,string,n,n,y,vocabulary: currency,"",acquisition,acquisitionFundingCurrency
publicart_6-0-0,Acquisition,Funding value,Acquisition Information,Funding,float,n,n,y,"","",acquisition,acquisitionFundingValue
publicart_6-0-0,Acquisition,Funding source,Acquisition Information,Funding,string,n,n,y,authority: person/local; authority: person/shared; authority: organization/local; authority: organization/shared,"",acquisition,acquisitionFundingSource
publicart_6-0-0,Acquisition,Funding source provisos,Acquisition Information,Funding,string,n,n,y,"","",acquisition,acquisitionFundingSourceProvisos
publicart_6-0-0,Acquisition,Credit line,Acquisition Information,"",string,n,n,n/a,"","",acquisition,creditLine
publicart_6-0-0,Acquisition,Commissioning body,Commission Information,"",string,n,y,n,authority: person/local; authority: person/shared; authority: organization/local; authority: organization/shared,"",acquisition,commissioningBody
publicart_6-0-0,Acquisition,Commission date,Commission Information,"",structured date group,n,n,n/a,"","",acquisition,commissionDate
publicart_6-0-0,Acquisition,Budget type,Commission Information,Budget,string,n,n,y,vocabulary: budgettype,"",acquisition,commissionBudgetType
publicart_6-0-0,Acquisition,Budget note,Commission Information,Budget,string,n,n,y,"","",acquisition,commissionBudgetTypeNote
publicart_6-0-0,Acquisition,Projected value currency,Commission Information,Budget > Projected value,string,n,n,y,vocabulary: currency,"",acquisition,commissionProjectedValueCurrency
publicart_6-0-0,Acquisition,Projected value amount,Commission Information,Budget > Projected value,float,n,n,y,"","",acquisition,commissionProjectedValueAmount
publicart_6-0-0,Acquisition,Actual value currency,Commission Information,Budget > Actual value,string,n,n,y,vocabulary: currency,"",acquisition,commissionActualValueCurrency
publicart_6-0-0,Acquisition,Actual value amount,Commission Information,Budget > Actual value,float,n,n,y,"","",acquisition,commissionActualValueAmount
publicart_6-0-0,Citation,Term display name,Citation Information,Term,string,y,n,y,"","",citation,termDisplayName
publicart_6-0-0,Citation,Term status,Citation Information,Term,string,n,n,y,option list: citationTermStatuses,"accepted, provisional, rejected, under review",citation,termStatus
publicart_6-0-0,Citation,Term type,Citation Information,Term,string,n,n,y,vocabulary: citationtermtype,"",citation,termType
publicart_6-0-0,Citation,Term flag,Citation Information,Term,string,n,n,y,vocabulary: citationtermflag,"",citation,termFlag
publicart_6-0-0,Citation,Term language,Citation Information,Term,string,n,n,y,vocabulary: languages,"",citation,termLanguage
publicart_6-0-0,Citation,Term preferred for lang,Citation Information,Term,boolean,n,n,y,"","",citation,termPrefForLang
publicart_6-0-0,Citation,Term full citation,Citation Information,Term,string,n,n,y,"","",citation,termFullCitation
publicart_6-0-0,Citation,Term title,Citation Information,Term,string,n,n,y,"","",citation,termTitle
publicart_6-0-0,Citation,Term subtitle,Citation Information,Term,string,n,n,y,"","",citation,termSubTitle
publicart_6-0-0,Citation,Term section title,Citation Information,Term,string,n,n,y,"","",citation,termSectionTitle
publicart_6-0-0,Citation,Term volume,Citation Information,Term,string,n,n,y,"","",citation,termVolume
publicart_6-0-0,Citation,Term issue,Citation Information,Term,string,n,n,y,"","",citation,termIssue
publicart_6-0-0,Citation,Term source name,Citation Information,Term > Source,string,n,n,y,authority: citation/local; authority: citation/worldcat,"",citation,termSource
publicart_6-0-0,Citation,Term source detail,Citation Information,Term > Source,string,n,n,y,"","",citation,termSourceDetail
publicart_6-0-0,Citation,Term source ID,Citation Information,Term > Source,string,n,n,y,"","",citation,termSourceID
publicart_6-0-0,Citation,Term source note,Citation Information,Term > Source,string,n,n,y,"","",citation,termSourceNote
publicart_6-0-0,Citation,Publisher,Citation Information,Publication,string,n,n,y,authority: organization/local,"",citation,publisher
publicart_6-0-0,Citation,Publication place,Citation Information,Publication,string,n,n,y,authority: place/local,"",citation,publicationPlace
publicart_6-0-0,Citation,Publication date,Citation Information,Publication,structured date group,n,n,y,"","",citation,publicationDate
publicart_6-0-0,Citation,Publication edition,Citation Information,Publication,string,n,n,y,"","",citation,edition
publicart_6-0-0,Citation,Publication page(s),Citation Information,Publication,string,n,n,y,"","",citation,pages
publicart_6-0-0,Citation,Agent name,Citation Information,Agent,string,n,n,y,authority: person/local; authority: organization/local,"",citation,agent
publicart_6-0-0,Citation,Agent role,Citation Information,Agent,string,n,n,y,vocabulary: agentinfotype,"",citation,role
publicart_6-0-0,Citation,Agent note,Citation Information,Agent,string,n,n,y,"","",citation,note
publicart_6-0-0,Citation,Note,Citation Information,"",string,n,n,n/a,"","",citation,citationNote
publicart_6-0-0,Citation,Resource identifier,Citation Information,Resource identifier,string,n,n,y,"","",citation,resourceIdent
publicart_6-0-0,Citation,Resource identifier type,Citation Information,Resource identifier,string,n,n,y,vocabulary: resourceidtype,"",citation,type
publicart_6-0-0,Citation,Resource identifier capture date,Citation Information,Resource identifier,structured date group,n,n,y,"","",citation,captureDate
publicart_6-0-0,Citation,Related term,Citation Information,Related term,string,n,n,y,authority: concept/associated; authority: concept/material,"",citation,relatedTerm
publicart_6-0-0,Citation,Related term type,Citation Information,Related term,string,n,n,y,vocabulary: relationtypetype,"",citation,relationType
publicart_6-0-0,Object,Artwork ID,Object Identification Information,"",string,y,n,n/a,"","",collectionobject,objectNumber
publicart_6-0-0,Object,Program name,Object Identification Information,"",string,n,y,n,vocabulary: program,"",collectionobject,responsibleDepartment
publicart_6-0-0,Object,Collection,Object Identification Information,"",string,n,y,n,authority: organization/local; authority: organization/shared,"",collectionobject,publicartCollection
publicart_6-0-0,Object,Record status,Object Identification Information,"",string,n,n,n/a,option list: recordStatuses,"approved, in-process, new, temporary",collectionobject,recordStatus
publicart_6-0-0,Object,Publish to,Object Identification Information,"",string,n,y,n,vocabulary: publishto,"",collectionobject,publishTo
publicart_6-0-0,Object,Installation type,Object Identification Information,"",string,n,y,n,vocabulary: inventorystatus,"",collectionobject,inventoryStatus
publicart_6-0-0,Object,Artwork description,Object Identification Information,"",string,n,y,n,"","",collectionobject,briefDescription
publicart_6-0-0,Object,Artwork tag,Object Identification Information,"",string,n,y,n,authority: concept/associated,"",collectionobject,contentConcept
publicart_6-0-0,Object,Distinguishing features,Object Identification Information,"",string,n,n,n/a,"","",collectionobject,distinguishingFeatures
publicart_6-0-0,Object,Comment,Object Identification Information,"",string,n,y,n,"","",collectionobject,comment
publicart_6-0-0,Object,Computed current location,Object Identification Information,"",string,n,n,n/a,authority: location/local; authority: location/offsite; authority: organization/local; authority: organization/shared; authority: place/local; authority: place/shared,"",collectionobject,computedCurrentLocation
publicart_6-0-0,Object,Title,Object Identification Information,Title,string,n,n,y,"","",collectionobject,title
publicart_6-0-0,Object,Title language,Object Identification Information,Title,string,n,n,y,vocabulary: languages,"",collectionobject,titleLanguage
publicart_6-0-0,Object,Title type,Object Identification Information,Title,string,n,n,y,option list: titleTypes,"assigned-by-artist, cited, collection, generic, popular, series, trade",collectionobject,titleType
publicart_6-0-0,Object,Title translation,Object Identification Information,Title > Title translation,string,n,n,y,"","",collectionobject,titleTranslation
publicart_6-0-0,Object,Title translation language,Object Identification Information,Title > Title translation,string,n,n,y,vocabulary: languages,"",collectionobject,titleTranslationLanguage
publicart_6-0-0,Object,Work type,Object Identification Information,Work type,string,n,n,y,authority: concept/worktype,"",collectionobject,objectName
publicart_6-0-0,Object,Work type note,Object Identification Information,Work type,string,n,n,y,"","",collectionobject,objectNameNote
publicart_6-0-0,Object,Object count value,Object Identification Information,Object count,integer,n,n,y,"","",collectionobject,objectCount
publicart_6-0-0,Object,Object count type,Object Identification Information,Object count,string,n,n,y,vocabulary: objectcounttypes,"",collectionobject,objectCountType
publicart_6-0-0,Object,Object count counted by,Object Identification Information,Object count,string,n,n,y,authority: person/local; authority: person/shared,"",collectionobject,objectCountCountedBy
publicart_6-0-0,Object,Object count date,Object Identification Information,Object count,date,n,n,y,"","",collectionobject,objectCountDate
publicart_6-0-0,Object,Object count note,Object Identification Information,Object count,string,n,n,y,"","",collectionobject,objectCountNote
publicart_6-0-0,Object,Owner,Object Identification Information,Object Owner's Contribution Information,string,n,y,n,authority: person/local; authority: person/shared; authority: organization/local; authority: organization/shared,"",collectionobject,owner
publicart_6-0-0,Object,Material,Object Description Information,Material,string,n,n,y,authority: concept/material,"",collectionobject,material
publicart_6-0-0,Object,Material note,Object Description Information,Material,string,n,n,y,"","",collectionobject,materialComponentNote
publicart_6-0-0,Object,Measured part,Object Description Information,Dimensions,string,n,n,y,option list: measuredParts,"base, frame, framed, image-size, mount, paper-size, plate-size, unframed",collectionobject,measuredPart
publicart_6-0-0,Object,Dimension summary,Object Description Information,Dimensions,string,n,n,y,"","",collectionobject,dimensionSummary
publicart_6-0-0,Object,Measurement dimension,Object Description Information,Dimensions > Measurement,string,n,n,y,option list: dimensions,"area, base, circumference, count, depth, diameter, height, intended duration, length, running-time, screen resolution, target, volume, weight, width",collectionobject,dimension
publicart_6-0-0,Object,Measurement value,Object Description Information,Dimensions > Measurement,float,n,n,y,"","",collectionobject,value
publicart_6-0-0,Object,Measurement unit,Object Description Information,Dimensions > Measurement,string,n,n,y,option list: measurementUnits,"carats, centimeters, cubic-centimeters, dpi, feet, hours, inches, kilograms, liters, meters, millimeters, milliseconds, minutes, ounces, pixels, pounds, ppi, seconds, square-feet, stories, tons",collectionobject,measurementUnit
publicart_6-0-0,Object,Textual inscription content,Object Description Information,Textual Inscription > Textual inscription,string,n,n,y,"","",collectionobject,inscriptionContent
publicart_6-0-0,Object,Textual inscription inscriber,Object Description Information,Textual Inscription > Textual inscription,string,n,n,y,authority: person/local; authority: organization/local; authority: organization/shared,"",collectionobject,inscriptionContentInscriber
publicart_6-0-0,Object,Textual inscription position,Object Description Information,Textual Inscription > Textual inscription,string,n,n,y,option list: positions,"back, base, bottom, front, inside, left, outside, recto, right, rim, top, verso",collectionobject,inscriptionContentPosition
publicart_6-0-0,Object,Textual inscription type,Object Description Information,Textual Inscription > Textual inscription,string,n,n,y,option list: inscriptionTypes,"brand, credits, decoration, estate-stamp, graffiti, label, maker's-mark, plaque, signage",collectionobject,inscriptionContentType
publicart_6-0-0,Object,Artwork date,Object Production Information,Artwork date,structured date group,n,n,y,"","",collectionobject,publicartProductionDate
publicart_6-0-0,Object,Artwork date type,Object Production Information,Artwork date,string,n,n,y,vocabulary: proddatetype,"",collectionobject,publicartProductionDateType
publicart_6-0-0,Object,Artwork creator name,Object Production Information,Artwork creator,string,n,n,y,authority: person/local; authority: person/shared; authority: organization/local; authority: organization/shared,"",collectionobject,publicartProductionPerson
publicart_6-0-0,Object,Artwork creator role,Object Production Information,Artwork creator,string,n,n,y,vocabulary: prodpersonrole,"",collectionobject,publicartProductionPersonRole
publicart_6-0-0,Object,Artwork creator type,Object Production Information,Artwork creator,string,n,n,y,option list: creatorTypes,"culture, organization, person",collectionobject,publicartProductionPersonType
publicart_6-0-0,Object,Production note,Object Production Information,"",string,n,n,n/a,"","",collectionobject,objectProductionNote
publicart_6-0-0,Concept,Term display name,Concept Information,Term,string,y,n,y,"","",concept,termDisplayName
publicart_6-0-0,Concept,Term name,Concept Information,Term,string,n,n,y,"","",concept,termName
publicart_6-0-0,Concept,Term qualifier,Concept Information,Term,string,n,n,y,"","",concept,termQualifier
publicart_6-0-0,Concept,Term status,Concept Information,Term,string,n,n,y,option list: conceptTermStatuses,"accepted, provisional, rejected, under review",concept,termStatus
publicart_6-0-0,Concept,Term type,Concept Information,Term,string,n,n,y,option list: conceptTermTypes,"alternate descriptor, descriptor, used for term",concept,termType
publicart_6-0-0,Concept,Term flag,Concept Information,Term,string,n,n,y,vocabulary: concepttermflag,"",concept,termFlag
publicart_6-0-0,Concept,Term historical status,Concept Information,Term,string,n,n,y,option list: conceptHistoricalStatuses,"both, current, historical, unknown",concept,historicalStatus
publicart_6-0-0,Concept,Term language,Concept Information,Term,string,n,n,y,vocabulary: languages,"",concept,termLanguage
publicart_6-0-0,Concept,Term preferred for lang,Concept Information,Term,boolean,n,n,y,"","",concept,termPrefForLang
publicart_6-0-0,Concept,Term source name,Concept Information,Term > Source,string,n,n,y,authority: citation/local; authority: citation/worldcat,"",concept,termSource
publicart_6-0-0,Concept,Term source detail,Concept Information,Term > Source,string,n,n,y,"","",concept,termSourceDetail
publicart_6-0-0,Concept,Term source ID,Concept Information,Term > Source,string,n,n,y,"","",concept,termSourceID
publicart_6-0-0,Concept,Term source note,Concept Information,Term > Source,string,n,n,y,"","",concept,termSourceNote
publicart_6-0-0,Concept,Scope note,Concept Information,"",string,n,n,n/a,"","",concept,scopeNote
publicart_6-0-0,Condition Check,Reference number,Condition Check/Technical Assessment Information,"",string,y,n,n/a,"","",conditioncheck,conditionCheckRefNumber
publicart_6-0-0,Condition Check,Check/assessment date,Condition Check/Technical Assessment Information,"",date,n,n,n/a,"","",conditioncheck,conditionCheckAssessmentDate
publicart_6-0-0,Condition Check,Method,Condition Check/Technical Assessment Information,"",string,n,n,n/a,option list: conditionCheckMethods,"observed, xrayed",conditioncheck,conditionCheckMethod
publicart_6-0-0,Condition Check,Reason,Condition Check/Technical Assessment Information,"",string,n,n,n/a,option list: conditionCheckReasons,"cleaning, conservation, damagedintransit, inventory, loanin, newacquisition",conditioncheck,conditionCheckReason
publicart_6-0-0,Condition Check,Checker/assessor,Condition Check/Technical Assessment Information,"",string,n,n,n/a,authority: person/local; authority: person/shared; authority: organization/local; authority: organization/shared,"",conditioncheck,conditionChecker
publicart_6-0-0,Condition Check,Note,Condition Check/Technical Assessment Information,"",string,n,n,n/a,"","",conditioncheck,conditionCheckNote
publicart_6-0-0,Condition Check,Object audit category,Object Condition Information,"",string,n,n,n/a,option list: objectAuditCategories,"high, low, medium",conditioncheck,objectAuditCategory
publicart_6-0-0,Condition Check,Conservation treatment priority,Object Condition Information,"",string,n,n,n/a,option list: conservationTreatmentPriorities,"high, low, medium",conditioncheck,conservationTreatmentPriority
publicart_6-0-0,Condition Check,Next check/assessment date,Object Condition Information,"",date,n,n,n/a,"","",conditioncheck,nextConditionCheckDate
publicart_6-0-0,Condition Check,Completeness description,Object Condition Information,Completeness,string,n,n,y,option list: completenessLevels,"complete, fragmented, incomplete",conditioncheck,completeness
publicart_6-0-0,Condition Check,Completeness date,Object Condition Information,Completeness,date,n,n,y,"","",conditioncheck,completenessDate
publicart_6-0-0,Condition Check,Completeness note,Object Condition Information,Completeness,string,n,n,y,"","",conditioncheck,completenessNote
publicart_6-0-0,Condition Check,Technical assessment description,Object Condition Information,Technical assessment,string,n,n,y,"","",conditioncheck,techAssessment
publicart_6-0-0,Condition Check,Technical assessment date,Object Condition Information,Technical assessment,date,n,n,y,"","",conditioncheck,techAssessmentDate
publicart_6-0-0,Condition Check,Condition description,Object Condition Information,Condition,string,n,n,y,option list: conditions,"environmental issue, exhibitableneedswork, injeopardy, light/electronic replacement, missing hardware, needs cleaning, needs coating, needs repair, needsnowork, notexhibitablestable",conditioncheck,condition
publicart_6-0-0,Condition Check,Condition date,Object Condition Information,Condition,date,n,n,y,"","",conditioncheck,conditionDate
publicart_6-0-0,Condition Check,Condition note,Object Condition Information,Condition,string,n,n,y,"","",conditioncheck,conditionNote
publicart_6-0-0,Condition Check,Environmental condition note,Object Condition Information,Environmental condition,string,n,n,y,"","",conditioncheck,envConditionNote
publicart_6-0-0,Condition Check,Environmental condition date,Object Condition Information,Environmental condition,date,n,n,y,"","",conditioncheck,envConditionNoteDate
publicart_6-0-0,Condition Check,Display recommendation,Object Recommendation/Requirement Information,"",string,n,n,n/a,"","",conditioncheck,displayRecommendations
publicart_6-0-0,Condition Check,Handling recommendation,Object Recommendation/Requirement Information,"",string,n,n,n/a,"","",conditioncheck,handlingRecommendations
publicart_6-0-0,Condition Check,Installation recommendation,Object Recommendation/Requirement Information,"",string,n,n,n/a,"","",conditioncheck,installationRecommendations
publicart_6-0-0,Condition Check,Environmental recommendation,Object Recommendation/Requirement Information,"",string,n,n,n/a,"","",conditioncheck,envRecommendations
publicart_6-0-0,Condition Check,Special requirement,Object Recommendation/Requirement Information,"",string,n,n,n/a,"","",conditioncheck,specialRequirements
publicart_6-0-0,Condition Check,Legal requirement,Object Recommendation/Requirement Information,"",string,n,n,n/a,"","",conditioncheck,legalRequirements
publicart_6-0-0,Condition Check,Legal/license requirement held description,Object Recommendation/Requirement Information,Legal/license requirement held,string,n,n,y,"","",conditioncheck,legalReqsHeld
publicart_6-0-0,Condition Check,Legal/license requirement held begin date,Object Recommendation/Requirement Information,Legal/license requirement held,date,n,n,y,"","",conditioncheck,legalReqsHeldBeginDate
publicart_6-0-0,Condition Check,Legal/license requirement held end date,Object Recommendation/Requirement Information,Legal/license requirement held,date,n,n,y,"","",conditioncheck,legalReqsHeldEndDate
publicart_6-0-0,Condition Check,Legal/license requirement held renewal date,Object Recommendation/Requirement Information,Legal/license requirement held,date,n,n,y,"","",conditioncheck,legalReqsHeldRenewDate
publicart_6-0-0,Conservation,Reference number,Conservation Treatment Information,"",string,y,n,n/a,"","",conservation,conservationNumber
publicart_6-0-0,Conservation,Procedural status,Conservation Treatment Information,Procedural status,string,n,n,y,vocabulary: conservationstatus,"",conservation,status
publicart_6-0-0,Conservation,Procedural status date,Conservation Treatment Information,Procedural status,date,n,n,y,"","",conservation,statusDate
publicart_6-0-0,Conservation,Priority level,Conservation Treatment Information,"",string,n,n,n/a,option list: conservationPriorityLevels,"high, low, medium",conservation,conservationPriorityLevel
publicart_6-0-0,Conservation,Treatment purpose,Conservation Treatment Information,"",string,n,n,n/a,vocabulary: treatmentpurpose,"",conservation,treatmentPurpose
publicart_6-0-0,Conservation,Conservator,Conservation Treatment Information,"",string,n,y,n,authority: person/local; authority: person/shared; authority: organization/local; authority: organization/shared,"",conservation,conservator
publicart_6-0-0,Conservation,Other treatment party name,Conservation Treatment Information,Other treatment party,string,n,n,y,authority: person/local; authority: person/shared; authority: organization/local; authority: organization/shared,"",conservation,otherParty
publicart_6-0-0,Conservation,Other treatment party role,Conservation Treatment Information,Other treatment party,string,n,n,y,vocabulary: otherpartyrole,"",conservation,otherPartyRole
publicart_6-0-0,Conservation,Other treatment party note,Conservation Treatment Information,Other treatment party,string,n,n,y,"","",conservation,otherPartyNote
publicart_6-0-0,Conservation,Examination staff,Conservation Treatment Information,Examination,string,n,n,y,authority: person/local; authority: person/shared,"",conservation,examinationStaff
publicart_6-0-0,Conservation,Examination phase of treatment,Conservation Treatment Information,Examination,string,n,n,y,vocabulary: examinationphase,"",conservation,examinationPhase
publicart_6-0-0,Conservation,Examination date,Conservation Treatment Information,Examination,date,n,n,y,"","",conservation,examinationDate
publicart_6-0-0,Conservation,Examination note,Conservation Treatment Information,Examination,string,n,n,y,"","",conservation,examinationNote
publicart_6-0-0,Conservation,Fabrication note,Conservation Treatment Information,"",string,n,n,n/a,"","",conservation,fabricationNote
publicart_6-0-0,Conservation,Proposed treatment,Conservation Treatment Information,"",string,n,n,n/a,"","",conservation,proposedTreatment
publicart_6-0-0,Conservation,Proposed treatment start date,Conservation Treatment Information,"",date,n,n,n/a,"","",conservation,proposedTreatmentStartDate
publicart_6-0-0,Conservation,Proposed treatment end date,Conservation Treatment Information,"",date,n,n,n/a,"","",conservation,proposedTreatmentEndDate
publicart_6-0-0,Conservation,Proposed treatment estimate currency,Conservation Treatment Information,Proposed treatment estimate,string,n,n,n/a,vocabulary: currency,"",conservation,proposedTreatmentEstCurrency
publicart_6-0-0,Conservation,Proposed treatment estimate value,Conservation Treatment Information,Proposed treatment estimate,float,n,n,n/a,"","",conservation,proposedTreatmentEstValue
publicart_6-0-0,Conservation,Proposed treatment contract restrictions,Conservation Treatment Information,"",string,n,n,n/a,"","",conservation,proposedTreatmentContractRestrictions
publicart_6-0-0,Conservation,Approved by,Conservation Treatment Information,"",string,n,n,n/a,authority: person/local; authority: person/shared,"",conservation,approvedBy
publicart_6-0-0,Conservation,Approval date,Conservation Treatment Information,"",date,n,n,n/a,"","",conservation,approvedDate
publicart_6-0-0,Conservation,Treatment summary,Conservation Treatment Information,"",string,n,n,n/a,"","",conservation,treatmentSummary
publicart_6-0-0,Conservation,Treatment start date,Conservation Treatment Information,"",date,n,n,n/a,"","",conservation,treatmentStartDate
publicart_6-0-0,Conservation,Treatment end date,Conservation Treatment Information,"",date,n,n,n/a,"","",conservation,treatmentEndDate
publicart_6-0-0,Conservation,Treatment cost currency,Conservation Treatment Information,Treatment cost,string,n,n,n/a,vocabulary: currency,"",conservation,treatmentCostCurrency
publicart_6-0-0,Conservation,Treatment cost value,Conservation Treatment Information,Treatment cost,float,n,n,n/a,"","",conservation,treatmentCostValue
publicart_6-0-0,Conservation,Proposed analysis,Object Analysis Information,"",string,n,n,n/a,"","",conservation,proposedAnalysis
publicart_6-0-0,Conservation,Analysis researcher,Object Analysis Information,"",string,n,n,n/a,authority: person/local; authority: person/shared,"",conservation,researcher
publicart_6-0-0,Conservation,Analysis proposal date,Object Analysis Information,"",date,n,n,n/a,"","",conservation,proposedAnalysisDate
publicart_6-0-0,Conservation,Analytical methodology,Object Analysis Information,"",string,n,n,n/a,"","",conservation,analysisMethod
publicart_6-0-0,Conservation,Analytical result,Object Analysis Information,"",string,n,n,n/a,"","",conservation,analysisResults
publicart_6-0-0,Conservation,Analyst recommendations,Object Analysis Information,"",string,n,n,n/a,"","",conservation,analysisRecommendations
publicart_6-0-0,Exhibition,Exhibition number,Exhibition Information,"",string,y,n,n/a,"","",exhibition,exhibitionNumber
publicart_6-0-0,Exhibition,Type,Exhibition Information,"",string,n,n,n/a,vocabulary: exhibitiontype,"",exhibition,type
publicart_6-0-0,Exhibition,Title,Exhibition Information,"",string,n,n,n/a,"","",exhibition,title
publicart_6-0-0,Exhibition,Support name,Exhibition Information,Support,string,n,n,y,authority: person/local; authority: person/shared; authority: organization/local; authority: organization/shared,"",exhibition,exhibitionSupport
publicart_6-0-0,Exhibition,Support note,Exhibition Information,Support,string,n,n,y,"","",exhibition,exhibitionSupportNote
publicart_6-0-0,Exhibition,Organizer,Exhibition Information,"",string,n,y,n,authority: person/local; authority: person/shared; authority: organization/local; authority: organization/shared,"",exhibition,organizer
publicart_6-0-0,Exhibition,Publish to,Exhibition Information,"",string,n,y,n,vocabulary: publishto,"",exhibition,publishTo
publicart_6-0-0,Exhibition,Venue name,Exhibition Information,Venue,string,n,n,y,authority: organization/local; authority: organization/shared; authority: location/local; authority: location/offsite; authority: place/local; authority: place/shared,"",exhibition,venue
publicart_6-0-0,Exhibition,Venue opening date,Exhibition Information,Venue,date,n,n,y,"","",exhibition,venueOpeningDate
publicart_6-0-0,Exhibition,Venue closing date,Exhibition Information,Venue,date,n,n,y,"","",exhibition,venueClosingDate
publicart_6-0-0,Exhibition,Venue attendance,Exhibition Information,Venue,string,n,n,y,"","",exhibition,venueAttendance
publicart_6-0-0,Exhibition,Venue web address,Exhibition Information,Venue,string,n,n,y,"","",exhibition,venueUrl
publicart_6-0-0,Exhibition,Planning note,Exhibition Information,"",string,n,n,n/a,"","",exhibition,planningNote
publicart_6-0-0,Exhibition,Curatorial note,Exhibition Information,"",string,n,n,n/a,"","",exhibition,curatorialNote
publicart_6-0-0,Exhibition,General note,Exhibition Information,"",string,n,n,n/a,"","",exhibition,generalNote
publicart_6-0-0,Exhibition,Boilerplate text,Exhibition Information,"",string,n,n,n/a,"","",exhibition,boilerplateText
publicart_6-0-0,Exhibition,Gallery rotation name,Exhibition Information,Gallery rotation,string,n,n,y,"","",exhibition,galleryRotationName
publicart_6-0-0,Exhibition,Gallery rotation start date,Exhibition Information,Gallery rotation,structured date group,n,n,y,"","",exhibition,galleryRotationStartDateGroup
publicart_6-0-0,Exhibition,Gallery rotation end date,Exhibition Information,Gallery rotation,structured date group,n,n,y,"","",exhibition,galleryRotationEndDateGroup
publicart_6-0-0,Exhibition,Gallery rotation note,Exhibition Information,Gallery rotation,string,n,n,y,"","",exhibition,galleryRotationNote
publicart_6-0-0,Group,Title,Group Information,"",string,y,n,n/a,"","",group,title
publicart_6-0-0,Group,Program Name,Group Information,"",string,n,n,n/a,vocabulary: program,"",group,responsibleDepartment
publicart_6-0-0,Group,Group owner,Group Information,"",string,n,n,n/a,authority: person/local; authority: person/shared; authority: organization/local; authority: organization/shared,"",group,owner
publicart_6-0-0,Group,Earliest/single date,Group Information,"",date,n,n,n/a,"","",group,groupEarliestSingleDate
publicart_6-0-0,Group,Latest date,Group Information,"",date,n,n,n/a,"","",group,groupLatestDate
publicart_6-0-0,Group,Scope note,Group Information,"",string,n,n,n/a,"","",group,scopeNote
publicart_6-0-0,Group,Checklist type,Checklist Information,Checklist,string,n,n,y,vocabulary: checklisttype,"",group,checklistType
publicart_6-0-0,Group,Checklist start date,Checklist Information,Checklist,date,n,n,y,"","",group,checklistOpenDate
publicart_6-0-0,Group,Checklist close date,Checklist Information,Checklist,date,n,n,y,"","",group,checklistCloseDate
publicart_6-0-0,Group,Checklist note,Checklist Information,Checklist,string,n,n,y,"","",group,checklistNote
publicart_6-0-0,Group,Checklist item description,Checklist Information,Checklist > Checklist item,string,n,n,y,"","",group,checklistItem
publicart_6-0-0,Group,Checklist item assigned to,Checklist Information,Checklist > Checklist item,string,n,n,y,authority: person/local; authority: person/shared,"",group,checklistAssignee
publicart_6-0-0,Group,Checklist item status,Checklist Information,Checklist > Checklist item,string,n,n,y,vocabulary: checkliststatus,"",group,checklistStatus
publicart_6-0-0,Group,Checklist item status date,Checklist Information,Checklist > Checklist item,date,n,n,y,"","",group,checklistStatusDate
publicart_6-0-0,Insurance/Indemnity,Reference number,Insurance and Indemnity Information,"",string,y,n,n/a,"","",insurance,insuranceIndemnityReferenceNumber
publicart_6-0-0,Insurance/Indemnity,Type,Insurance and Indemnity Information,"",string,n,n,n/a,vocabulary: insurancetype,"",insurance,insuranceIndemnityType
publicart_6-0-0,Insurance/Indemnity,Insurer/indemnifier,Insurance and Indemnity Information,"",string,n,n,n/a,authority: person/local; authority: person/shared; authority: organization/local; authority: organization/shared,"",insurance,insurerIndemnifier
publicart_6-0-0,Insurance/Indemnity,Policy number,Insurance and Indemnity Information,"",string,n,n,n/a,"","",insurance,insuranceIndemnityPolicyNumber
publicart_6-0-0,Insurance/Indemnity,Insurance/indemnity price currency,Insurance and Indemnity Information,Insurance/indemnity price,string,n,n,n/a,vocabulary: currency,"",insurance,insuranceIndemnityCurrency
publicart_6-0-0,Insurance/Indemnity,Insurance/indemnity price value,Insurance and Indemnity Information,Insurance/indemnity price,float,n,n,n/a,"","",insurance,insuranceIndemnityValue
publicart_6-0-0,Insurance/Indemnity,Minimum liability price currency,Insurance and Indemnity Information,Minimum liability price,string,n,n,n/a,vocabulary: currency,"",insurance,minimumLiabilityCurrency
publicart_6-0-0,Insurance/Indemnity,Minimum liability price value,Insurance and Indemnity Information,Minimum liability price,float,n,n,n/a,"","",insurance,minimumLiabilityValue
publicart_6-0-0,Insurance/Indemnity,Authorizer,Insurance and Indemnity Information,Authorization,string,n,n,n/a,authority: person/local; authority: person/shared,"",insurance,insuranceIndemnityAuthorizer
publicart_6-0-0,Insurance/Indemnity,Authorization date,Insurance and Indemnity Information,Authorization,date,n,n,n/a,"","",insurance,insuranceIndemnityAuthorizationDate
publicart_6-0-0,Insurance/Indemnity,Status type,Insurance and Indemnity Information,Status,string,n,n,y,vocabulary: insurancestatus,"",insurance,insuranceIndemnityStatus
publicart_6-0-0,Insurance/Indemnity,Status date,Insurance and Indemnity Information,Status,date,n,n,y,"","",insurance,insuranceIndemnityStatusDate
publicart_6-0-0,Insurance/Indemnity,Status note,Insurance and Indemnity Information,Status,string,n,n,y,"","",insurance,insuranceIndemnityStatusNote
publicart_6-0-0,Insurance/Indemnity,Note,Insurance and Indemnity Information,"",string,n,n,n/a,"","",insurance,insuranceIndemnityNote
publicart_6-0-0,Insurance/Indemnity,Quote provider,Insurance and Indemnity Information,Quote,string,n,n,y,authority: person/local; authority: person/shared; authority: organization/local; authority: organization/shared,"",insurance,insuranceIndemnityQuoteProvider
publicart_6-0-0,Insurance/Indemnity,Quote currency,Insurance and Indemnity Information,Quote,string,n,n,y,vocabulary: currency,"",insurance,insuranceIndemnityQuoteCurrency
publicart_6-0-0,Insurance/Indemnity,Quote value,Insurance and Indemnity Information,Quote,float,n,n,y,"","",insurance,insuranceIndemnityQuoteValue
publicart_6-0-0,Insurance/Indemnity,Quote date,Insurance and Indemnity Information,Quote,date,n,n,y,"","",insurance,insuranceIndemnityQuoteDate
publicart_6-0-0,Intake,Entry number,Object Entry Information,"",string,y,n,n/a,"","",intake,entryNumber
publicart_6-0-0,Intake,Entry date,Object Entry Information,"",date,n,n,n/a,"","",intake,entryDate
publicart_6-0-0,Intake,Entry reason,Object Entry Information,"",string,n,n,n/a,option list: entryReasons,"commission, consideration, enquiry, loan",intake,entryReason
publicart_6-0-0,Intake,Entry method,Object Entry Information,"",string,n,y,n,vocabulary: entrymethod,"",intake,entryMethod
publicart_6-0-0,Intake,Return date,Object Entry Information,"",date,n,n,n/a,"","",intake,returnDate
publicart_6-0-0,Intake,Current owner,Object Entry Information,"",string,n,y,n,authority: person/local; authority: person/shared; authority: organization/local; authority: organization/shared,"",intake,currentOwner
publicart_6-0-0,Intake,Depositor name,Object Entry Information,Depositor,string,n,n,y,authority: person/local; authority: person/shared; authority: organization/local; authority: organization/shared,"",intake,depositor
publicart_6-0-0,Intake,Depositor requirements,Object Entry Information,Depositor,string,n,n,y,"","",intake,depositorsRequirements
publicart_6-0-0,Intake,Approval,Object Entry Information,Approval,string,n,n,y,vocabulary: deaccessionapprovalgroup,"",intake,approvalGroup
publicart_6-0-0,Intake,Approval individual,Object Entry Information,Approval,string,n,n,y,authority: person/local; authority: person/shared,"",intake,approvalIndividual
publicart_6-0-0,Intake,Approval status,Object Entry Information,Approval,string,n,n,y,vocabulary: deaccessionapprovalstatus,"",intake,approvalStatus
publicart_6-0-0,Intake,Approval status date,Object Entry Information,Approval,date,n,n,y,"","",intake,approvalDate
publicart_6-0-0,Intake,Approval note,Object Entry Information,Approval,string,n,n,y,"","",intake,approvalNote
publicart_6-0-0,Intake,Entry note,Object Entry Information,"",string,n,n,n/a,"","",intake,entryNote
publicart_6-0-0,Intake,Packing note,Object Entry Information,"",string,n,n,n/a,"","",intake,packingNote
publicart_6-0-0,Intake,Current location,Location Information,Current location,string,n,n,y,authority: location/local; authority: location/offsite; authority: organization/local; authority: organization/shared; authority: place/local; authority: place/shared,"",intake,currentLocation
publicart_6-0-0,Intake,Current location fitness,Location Information,Current location,string,n,n,y,vocabulary: conditionfitness,"",intake,currentLocationFitness
publicart_6-0-0,Intake,Current location note,Location Information,Current location,string,n,n,y,"","",intake,currentLocationNote
publicart_6-0-0,Intake,Location date,Location Information,"",date,n,n,n/a,"","",intake,locationDate
publicart_6-0-0,Intake,Normal location,Location Information,"",string,n,n,n/a,authority: location/local; authority: location/offsite; authority: organization/local; authority: organization/shared; authority: place/local; authority: place/shared,"",intake,normalLocation
publicart_6-0-0,Intake,Condition check method,Condition Check Information,"",string,n,y,n,vocabulary: conditioncheckmethod,"",intake,conditionCheckMethod
publicart_6-0-0,Intake,Condition check reason,Condition Check Information,"",string,n,y,n,vocabulary: conditioncheckreason,"",intake,conditionCheckReason
publicart_6-0-0,Intake,Condition check assessor,Condition Check Information,"",string,n,y,n,authority: person/local; authority: person/shared; authority: organization/local; authority: organization/shared,"",intake,conditionCheckerOrAssessor
publicart_6-0-0,Intake,Condition check date,Condition Check Information,"",date,n,n,n/a,"","",intake,conditionCheckDate
publicart_6-0-0,Intake,Condition check reference number,Condition Check Information,"",string,n,n,n/a,"","",intake,conditionCheckReferenceNumber
publicart_6-0-0,Intake,Condition check note,Condition Check Information,"",string,n,n,n/a,"","",intake,conditionCheckNote
publicart_6-0-0,Loan In,Loan in number,Loan In Information,"",string,y,n,n/a,"","",loanin,loanInNumber
publicart_6-0-0,Loan In,Loan purpose,Loan In Information,"",string,n,n,n/a,option list: loanPurposes,"analysis, conservationotherrequestedservices, exhibition, longtermcollectionsmanagementandstorage, photography, research, scientificorexhibitpreparation",loanin,loanPurpose
publicart_6-0-0,Loan In,Loan status group,Loan In Information,Loan status,string,n,n,y,vocabulary: deaccessionapprovalgroup,"",loanin,loanGroup
publicart_6-0-0,Loan In,Loan status individual,Loan In Information,Loan status,string,n,n,y,authority: person/local; authority: person/shared,"",loanin,loanIndividual
publicart_6-0-0,Loan In,Loan status,Loan In Information,Loan status,string,n,n,y,vocabulary: loanoutstatus,"",loanin,loanStatus
publicart_6-0-0,Loan In,Loan status date,Loan In Information,Loan status,date,n,n,y,"","",loanin,loanStatusDate
publicart_6-0-0,Loan In,Loan status note,Loan In Information,Loan status,string,n,n,y,"","",loanin,loanStatusNote
publicart_6-0-0,Loan In,Lender name,Loan In Information,Lender,string,n,n,y,authority: person/local; authority: person/shared; authority: organization/local; authority: organization/shared,"",loanin,lender
publicart_6-0-0,Loan In,Lender contact,Loan In Information,Lender,string,n,n,y,authority: person/local; authority: person/shared,"",loanin,lendersContact
publicart_6-0-0,Loan In,Lender authorization date,Loan In Information,Lender,date,n,n,y,"","",loanin,lendersAuthorizationDate
publicart_6-0-0,Loan In,Conditions of loan,Loan In Information,"",string,n,n,n/a,"","",loanin,loanInConditions
publicart_6-0-0,Loan In,Note,Loan In Information,"",string,n,n,n/a,"","",loanin,loanInNote
publicart_6-0-0,Loan In,Loan in date,Loan In Information,"",date,n,n,n/a,"","",loanin,loanInDate
publicart_6-0-0,Loan In,Loan return date,Loan In Information,"",date,n,n,n/a,"","",loanin,loanReturnDate
publicart_6-0-0,Loan In,Credit line,Loan In Information,"",string,n,n,n/a,"","",loanin,creditLine
publicart_6-0-0,Loan Out,Loan out number,Loan Out Information,"",string,y,n,n/a,"","",loanout,loanOutNumber
publicart_6-0-0,Loan Out,Loan purpose,Loan Out Information,"",string,n,n,n/a,option list: loanPurposes,"analysis, conservationotherrequestedservices, exhibition, longtermcollectionsmanagementandstorage, photography, research, scientificorexhibitpreparation",loanout,loanPurpose
publicart_6-0-0,Loan Out,Lender authorizer,Loan Out Information,Lender,string,n,n,n/a,authority: person/local; authority: person/shared,"",loanout,lendersAuthorizer
publicart_6-0-0,Loan Out,Lender contact,Loan Out Information,Lender,string,n,n,n/a,authority: person/local; authority: person/shared,"",loanout,lendersContact
publicart_6-0-0,Loan Out,Lender authorization date,Loan Out Information,Lender,date,n,n,n/a,"","",loanout,lendersAuthorizationDate
publicart_6-0-0,Loan Out,Borrower name,Loan Out Information,Borrower,string,n,n,n/a,authority: person/local; authority: person/shared; authority: organization/local; authority: organization/shared,"",loanout,borrower
publicart_6-0-0,Loan Out,Borrower contact,Loan Out Information,Borrower,string,n,n,n/a,authority: person/local; authority: person/shared,"",loanout,borrowersContact
publicart_6-0-0,Loan Out,Borrower authorizer,Loan Out Information,Borrower,string,n,n,n/a,authority: person/local; authority: person/shared,"",loanout,borrowersAuthorizer
publicart_6-0-0,Loan Out,Borrower authorization date,Loan Out Information,Borrower,date,n,n,n/a,"","",loanout,borrowersAuthorizationDate
publicart_6-0-0,Loan Out,Conditions of loan,Loan Out Information,"",string,n,n,n/a,"","",loanout,specialConditionsOfLoan
publicart_6-0-0,Loan Out,Note,Loan Out Information,"",string,n,n,n/a,"","",loanout,loanOutNote
publicart_6-0-0,Loan Out,Loan status group,Loan Out Information,Loan status,string,n,n,y,vocabulary: deaccessionapprovalgroup,"",loanout,loanGroup
publicart_6-0-0,Loan Out,Loan status individual,Loan Out Information,Loan status,string,n,n,y,authority: person/local; authority: person/shared,"",loanout,loanIndividual
publicart_6-0-0,Loan Out,Loan status,Loan Out Information,Loan status,string,n,n,y,vocabulary: loanoutstatus,"",loanout,loanStatus
publicart_6-0-0,Loan Out,Loan status date,Loan Out Information,Loan status,date,n,n,y,"","",loanout,loanStatusDate
publicart_6-0-0,Loan Out,Loan status note,Loan Out Information,Loan status,string,n,n,y,"","",loanout,loanStatusNote
publicart_6-0-0,Loan Out,Loan out date,Loan Out Information,"",date,n,n,n/a,"","",loanout,loanOutDate
publicart_6-0-0,Loan Out,Loan return date,Loan Out Information,"",date,n,n,n/a,"","",loanout,loanReturnDate
publicart_6-0-0,Loan Out,Loan renewal application date,Loan Out Information,"",date,n,n,n/a,"","",loanout,loanRenewalApplicationDate
publicart_6-0-0,Loan Out,Credit line,Loan Out Information,"",string,n,n,n/a,"","",loanout,creditLine
publicart_6-0-0,Storage Location,Term display name,Storage Location Information,Term,string,y,n,y,"","",location,termDisplayName
publicart_6-0-0,Storage Location,Term name,Storage Location Information,Term,string,n,n,y,"","",location,termName
publicart_6-0-0,Storage Location,Term qualifier,Storage Location Information,Term,string,n,n,y,"","",location,termQualifier
publicart_6-0-0,Storage Location,Term status,Storage Location Information,Term,string,n,n,y,option list: locationTermStatuses,"accepted, provisional, rejected, under review",location,termStatus
publicart_6-0-0,Storage Location,Term type,Storage Location Information,Term,string,n,n,y,option list: locationTermTypes,"alternate descriptor, descriptor, used for term",location,termType
publicart_6-0-0,Storage Location,Term flag,Storage Location Information,Term,string,n,n,y,vocabulary: locationtermflag,"",location,termFlag
publicart_6-0-0,Storage Location,Term language,Storage Location Information,Term,string,n,n,y,vocabulary: languages,"",location,termLanguage
publicart_6-0-0,Storage Location,Term preferred for lang,Storage Location Information,Term,boolean,n,n,y,"","",location,termPrefForLang
publicart_6-0-0,Storage Location,Term source name,Storage Location Information,Term > Source,string,n,n,y,authority: citation/local; authority: citation/worldcat,"",location,termSource
publicart_6-0-0,Storage Location,Term source detail,Storage Location Information,Term > Source,string,n,n,y,"","",location,termSourceDetail
publicart_6-0-0,Storage Location,Term source ID,Storage Location Information,Term > Source,string,n,n,y,"","",location,termSourceID
publicart_6-0-0,Storage Location,Term source note,Storage Location Information,Term > Source,string,n,n,y,"","",location,termSourceNote
publicart_6-0-0,Storage Location,Storage location type,Storage Location Information,"",string,n,n,n/a,vocabulary: locationtype,"",location,locationType
publicart_6-0-0,Storage Location,Security note,Storage Location Information,"",string,n,n,n/a,"","",location,securityNote
publicart_6-0-0,Storage Location,Access note,Storage Location Information,"",string,n,n,n/a,"","",location,accessNote
publicart_6-0-0,Storage Location,Condition note,Storage Location Information,Condition note,string,n,n,y,"","",location,conditionNote
publicart_6-0-0,Storage Location,Condition note date,Storage Location Information,Condition note,date,n,n,y,"","",location,conditionNoteDate
publicart_6-0-0,Storage Location,Address line 1,Storage Location Information,Address,string,n,n,y,"","",location,addressPlace1
publicart_6-0-0,Storage Location,Address line 2,Storage Location Information,Address,string,n,n,y,"","",location,addressPlace2
publicart_6-0-0,Storage Location,Address municipality,Storage Location Information,Address,string,n,n,y,authority: place/local; authority: place/shared,"",location,addressMunicipality
publicart_6-0-0,Storage Location,Address county,Storage Location Information,Address,string,n,n,y,authority: place/local; authority: place/shared,"",location,addressCounty
publicart_6-0-0,Storage Location,Address state/province,Storage Location Information,Address,string,n,n,y,authority: place/local; authority: place/shared,"",location,addressStateOrProvince
publicart_6-0-0,Storage Location,Address postal code,Storage Location Information,Address,string,n,n,y,"","",location,addressPostCode
publicart_6-0-0,Storage Location,Address country,Storage Location Information,Address,string,n,n,y,authority: place/local; authority: place/shared,"",location,addressCountry
publicart_6-0-0,Storage Location,Address type,Storage Location Information,Address,string,n,n,y,vocabulary: addresstype,"",location,addressType
publicart_6-0-0,Storage Location,Decimal latitude,Georeference Information,"",float,n,n,n/a,"","",location,decimalLatitude
publicart_6-0-0,Storage Location,Decimal longitude,Georeference Information,"",float,n,n,n/a,"","",location,decimalLongitude
publicart_6-0-0,Media Handling,Identification number,Media Handling Information,"",string,y,n,n/a,"","",media,identificationNumber
publicart_6-0-0,Media Handling,Title,Media Handling Information,"",string,n,n,n/a,"","",media,title
publicart_6-0-0,Media Handling,External URL,Media Handling Information,"",string,n,n,n/a,"","",media,externalUrl
publicart_6-0-0,Media Handling,Contributor,Media Handling Information,"",string,n,n,n/a,authority: person/local; authority: person/shared; authority: organization/local; authority: organization/shared,"",media,contributor
publicart_6-0-0,Media Handling,Creator,Media Handling Information,"",string,n,n,n/a,authority: person/local; authority: person/shared; authority: organization/local; authority: organization/shared,"",media,creator
publicart_6-0-0,Media Handling,Copyright statement,Media Handling Information,"",string,n,n,n/a,"","",media,copyrightStatement
publicart_6-0-0,Media Handling,Type,Media Handling Information,"",string,n,y,n,option list: mediaTypes,"dataset, document, moving_image, sound, still_image",media,type
publicart_6-0-0,Media Handling,Publish to,Media Handling Information,"",string,n,y,n,vocabulary: publishto,"",media,publishTo
publicart_6-0-0,Media Handling,Date,Media Handling Information,"",structured date group,n,y,n,"","",media,dateGroup
publicart_6-0-0,Media Handling,Source,Media Handling Information,"",string,n,n,n/a,"","",media,source
publicart_6-0-0,Media Handling,Rights holder,Media Handling Information,"",string,n,y,n,authority: person/local; authority: person/shared; authority: organization/local; authority: organization/shared,"",media,publicartRightsHolder
publicart_6-0-0,Media Handling,Description,Media Handling Information,"",string,n,n,n/a,"","",media,description
publicart_6-0-0,Media Handling,Alt text,Media Handling Information,"",string,n,n,n/a,"","",media,altText
publicart_6-0-0,Media Handling,"","","",string,n,n,n/a,"","",media,mediaFileURI
publicart_6-0-0,Location/Movement/Inventory,Reference number,Object Location Information,"",string,n,n,n/a,"","",movement,movementReferenceNumber
publicart_6-0-0,Location/Movement/Inventory,Current location,Object Location Information,Current location,string,y,n,n/a,authority: location/local; authority: location/offsite; authority: organization/local; authority: organization/shared; authority: place/local; authority: place/shared,"",movement,currentLocation
publicart_6-0-0,Location/Movement/Inventory,Current location fitness,Object Location Information,Current location,string,n,n,n/a,option list: locationFitnesses,"dangerous, suitable, temporary, unsuitable",movement,currentLocationFitness
publicart_6-0-0,Location/Movement/Inventory,Current location note,Object Location Information,Current location,string,n,n,n/a,"","",movement,currentLocationNote
publicart_6-0-0,Location/Movement/Inventory,Location date,Object Location Information,"",date,n,n,n/a,"","",movement,locationDate
publicart_6-0-0,Location/Movement/Inventory,Reason for move,Movement Information,"",string,n,n,n/a,option list: moveReasons,"collections-facility-move, conservation, exhibition, inventory, loan, newstoragelocation, photography, research",movement,reasonForMove
publicart_6-0-0,Location/Movement/Inventory,Movement method,Movement Information,"",string,n,y,n,option list: moveMethods,"forklift, handcarried, trolley",movement,movementMethod
publicart_6-0-0,Location/Movement/Inventory,Planned removal date,Movement Information,"",date,n,n,n/a,"","",movement,plannedRemovalDate
publicart_6-0-0,Location/Movement/Inventory,Removal date,Movement Information,"",date,n,n,n/a,"","",movement,removalDate
publicart_6-0-0,Location/Movement/Inventory,Movement contact,Movement Information,"",string,n,n,n/a,authority: person/local; authority: person/shared,"",movement,movementContact
publicart_6-0-0,Location/Movement/Inventory,Movement note,Movement Information,"",string,n,n,n/a,"","",movement,movementNote
publicart_6-0-0,Object Exit,Exit number,Object Exit Information,"",string,y,n,n/a,"","",objectexit,exitNumber
publicart_6-0-0,Object Exit,Exit date,Object Exit Information,"",structured date group,n,n,n/a,"","",objectexit,exitDateGroup
publicart_6-0-0,Object Exit,Exit reason,Object Exit Information,"",string,n,n,n/a,option list: exitReasons,"covered by construction, deaccession, disposal, lost to demolition, painted out, returnofloan, temporary, transfer",objectexit,exitReason
publicart_6-0-0,Object Exit,Exit method,Object Exit Information,"",string,n,y,n,option list: exitMethods,"courier, inperson, post",objectexit,exitMethod
publicart_6-0-0,Object Exit,Current owner,Object Exit Information,"",string,n,n,n/a,authority: person/local; authority: person/shared; authority: organization/local; authority: organization/shared,"",objectexit,currentOwner
publicart_6-0-0,Object Exit,Depositor,Object Exit Information,"",string,n,n,n/a,authority: person/local; authority: person/shared; authority: organization/local; authority: organization/shared,"",objectexit,depositor
publicart_6-0-0,Object Exit,Exit note,Object Exit Information,"",string,n,n,n/a,"","",objectexit,exitNote
publicart_6-0-0,Object Exit,Packing note,Object Exit Information,"",string,n,n,n/a,"","",objectexit,packingNote
publicart_6-0-0,Object Exit,Disposal new object number,Deaccession and Disposal Information,"",string,n,n,n/a,"","",objectexit,displosalNewObjectNumber
publicart_6-0-0,Object Exit,Deaccession authorizer,Deaccession and Disposal Information,"",string,n,n,n/a,authority: person/local,"",objectexit,deaccessionAuthorizer
publicart_6-0-0,Object Exit,Authorization date,Deaccession and Disposal Information,"",date,n,n,n/a,"","",objectexit,authorizationDate
publicart_6-0-0,Object Exit,Deaccession approval group,Deaccession and Disposal Information,Deaccession approval,string,n,n,y,vocabulary: deaccessionapprovalgroup,"",objectexit,deaccessionApprovalGroup
publicart_6-0-0,Object Exit,Deaccession approval individual,Deaccession and Disposal Information,Deaccession approval,string,n,n,y,authority: person/local,"",objectexit,deaccessionApprovalIndividual
publicart_6-0-0,Object Exit,Deaccession approval status,Deaccession and Disposal Information,Deaccession approval,string,n,n,y,vocabulary: deaccessionapprovalstatus,"",objectexit,deaccessionApprovalStatus
publicart_6-0-0,Object Exit,Deaccession approval status date,Deaccession and Disposal Information,Deaccession approval,date,n,n,y,"","",objectexit,deaccessionApprovalDate
publicart_6-0-0,Object Exit,Deaccession approval note,Deaccession and Disposal Information,Deaccession approval,string,n,n,y,"","",objectexit,deaccessionApprovalNote
publicart_6-0-0,Object Exit,Deaccession date,Deaccession and Disposal Information,"",date,n,n,n/a,"","",objectexit,deaccessionDate
publicart_6-0-0,Object Exit,Disposal date,Deaccession and Disposal Information,"",date,n,n,n/a,"","",objectexit,disposalDate
publicart_6-0-0,Object Exit,Disposal method,Deaccession and Disposal Information,"",string,n,n,n/a,vocabulary: disposalmethod,"",objectexit,disposalMethod
publicart_6-0-0,Object Exit,Disposal reason,Deaccession and Disposal Information,"",string,n,n,n/a,"","",objectexit,displosalReason
publicart_6-0-0,Object Exit,Disposal proposed recipient,Deaccession and Disposal Information,"",string,n,n,n/a,authority: person/local; authority: person/shared; authority: organization/local; authority: organization/shared,"",objectexit,disposalProposedRecipient
publicart_6-0-0,Object Exit,Disposal recipient,Deaccession and Disposal Information,"",string,n,n,n/a,authority: person/local; authority: person/shared; authority: organization/local; authority: organization/shared,"",objectexit,disposalRecipient
publicart_6-0-0,Object Exit,Group disposal currency,Deaccession and Disposal Information,Group disposal,string,n,n,n/a,vocabulary: currency,"",objectexit,groupDisposalCurrency
publicart_6-0-0,Object Exit,Group disposal value,Deaccession and Disposal Information,Group disposal,float,n,n,n/a,"","",objectexit,groupDisplosalValue
publicart_6-0-0,Object Exit,Disposal provisos,Deaccession and Disposal Information,"",string,n,n,n/a,"","",objectexit,displosalProvisos
publicart_6-0-0,Object Exit,Disposal note,Deaccession and Disposal Information,"",string,n,n,n/a,"","",objectexit,displosalNote
publicart_6-0-0,Organization,Term display name,Organization Information,Term,string,y,n,y,"","",organization,termDisplayName
publicart_6-0-0,Organization,Term name,Organization Information,Term,string,n,n,y,"","",organization,termName
publicart_6-0-0,Organization,Term qualifier,Organization Information,Term,string,n,n,y,"","",organization,termQualifier
publicart_6-0-0,Organization,Term status,Organization Information,Term,string,n,n,y,option list: orgTermStatuses,"accepted, provisional, rejected, under review",organization,termStatus
publicart_6-0-0,Organization,Term type,Organization Information,Term,string,n,n,y,option list: orgTermTypes,"alternate descriptor, descriptor, used for term",organization,termType
publicart_6-0-0,Organization,Term flag,Organization Information,Term,string,n,n,y,vocabulary: orgtermflag,"",organization,termFlag
publicart_6-0-0,Organization,Term language,Organization Information,Term,string,n,n,y,vocabulary: languages,"",organization,termLanguage
publicart_6-0-0,Organization,Term preferred for lang,Organization Information,Term,boolean,n,n,y,"","",organization,termPrefForLang
publicart_6-0-0,Organization,Term main body name,Organization Information,Term > Name detail,string,n,n,y,"","",organization,mainBodyName
publicart_6-0-0,Organization,Term name addition,Organization Information,Term > Name detail,string,n,n,y,"","",organization,additionsToName
publicart_6-0-0,Organization,Term source name,Organization Information,Term > Source,string,n,n,y,authority: citation/local; authority: citation/worldcat,"",organization,termSource
publicart_6-0-0,Organization,Term source detail,Organization Information,Term > Source,string,n,n,y,"","",organization,termSourceDetail
publicart_6-0-0,Organization,Term source ID,Organization Information,Term > Source,string,n,n,y,"","",organization,termSourceID
publicart_6-0-0,Organization,Term source note,Organization Information,Term > Source,string,n,n,y,"","",organization,termSourceNote
publicart_6-0-0,Organization,Organization type,Organization Information,"",string,n,y,n,vocabulary: organizationtype,"",organization,organizationRecordType
publicart_6-0-0,Organization,Placement type,Organization Information,"",string,n,n,n/a,vocabulary: placementtypes,"",organization,placementType
publicart_6-0-0,Organization,Foundation date,Organization Information,"",structured date group,n,n,n/a,"","",organization,foundingDateGroup
publicart_6-0-0,Organization,Foundation place,Organization Information,"",string,n,n,n/a,authority: place/local; authority: place/shared,"",organization,foundingPlace
publicart_6-0-0,Organization,Dissolution date,Organization Information,"",structured date group,n,n,n/a,"","",organization,dissolutionDateGroup
publicart_6-0-0,Organization,Current place,Organization Information,"",string,n,n,n/a,authority: place/local; authority: place/shared,"",organization,currentPlace
publicart_6-0-0,Organization,Name note,Organization Information,"",string,n,n,n/a,"","",organization,nameNote
publicart_6-0-0,Organization,History,Organization Information,"",string,n,y,n,"","",organization,historyNote
publicart_6-0-0,Organization,Social media handle,Organization Information,Social media,string,n,n,y,"","",organization,socialMediaHandle
publicart_6-0-0,Organization,Social media type,Organization Information,Social media,string,n,n,y,vocabulary: socialmediatype,"",organization,socialMediaHandleType
publicart_6-0-0,Organization,Address,Contact Information,Email,string,n,n,y,"","",organization,email
publicart_6-0-0,Organization,Type,Contact Information,Email,string,n,n,y,option list: emailTypes,"business, other, personal",organization,emailType
publicart_6-0-0,Organization,Number,Contact Information,Phone,string,n,n,y,"","",organization,telephoneNumber
publicart_6-0-0,Organization,Type,Contact Information,Phone,string,n,n,y,option list: telephoneNumberTypes,"business, home, mobile, other",organization,telephoneNumberType
publicart_6-0-0,Organization,Number,Contact Information,Fax,string,n,n,y,"","",organization,faxNumber
publicart_6-0-0,Organization,Type,Contact Information,Fax,string,n,n,y,option list: faxNumberTypes,"business, home, other",organization,faxNumberType
publicart_6-0-0,Organization,URL,Contact Information,Web site,string,n,n,y,"","",organization,webAddress
publicart_6-0-0,Organization,Type,Contact Information,Web site,string,n,n,y,option list: webAddressTypes,"business, other, personal",organization,webAddressType
publicart_6-0-0,Organization,Line 1,Contact Information,Address,string,n,n,y,"","",organization,addressPlace1
publicart_6-0-0,Organization,Line 2,Contact Information,Address,string,n,n,y,"","",organization,addressPlace2
publicart_6-0-0,Organization,Municipality,Contact Information,Address,string,n,n,y,"","",organization,addressMunicipality
publicart_6-0-0,Organization,State/province,Contact Information,Address,string,n,n,y,"","",organization,addressStateOrProvince
publicart_6-0-0,Organization,Postal code,Contact Information,Address,string,n,n,y,"","",organization,addressPostCode
publicart_6-0-0,Organization,Country,Contact Information,Address,string,n,n,y,option list: addressCountries,"AD, AE, AF, AG, AI, AL, AM, AO, AQ, AR, AS, AT, AU, AW, AX, AZ, BA, BB, BD, BE, BF, BG, BH, BI, BJ, BL, BM, BN, BO, BQ, BR, BS, BT, BV, BW, BY, BZ, CA, CC, CD, CF, CG, CH, CI, CK, CL, CM, CN, CO, CR, CU, CV, CW, CX, CY, CZ, DE, DJ, DK, DM, DO, DZ, EC, EE, EG, EH, ER, ES, ET, FI, FJ, FK, FM, FO, FR, GA, GB, GD, GE, GF, GG, GH, GI, GL, GM, GN, GP, GQ, GR, GS, GT, GU, GW, GY, HK, HM, HN, HR, HT, HU, ID, IE, IL, IM, IN, IO, IQ, IR, IS, IT, JE, JM, JO, JP, KE, KG, KH, KI, KM, KN, KP, KR, KW, KY, KZ, LA, LB, LC, LI, LK, LR, LS, LT, LU, LV, LY, MA, MC, MD, ME, MF, MG, MH, MK, ML, MM, MN, MO, MP, MQ, MR, MS, MT, MU, MV, MW, MX, MY, MZ, NA, NC, NE, NF, NG, NI, NL, NO, NP, NR, NU, NZ, OM, PA, PE, PF, PG, PH, PK, PL, PM, PN, PR, PS, PT, PW, PY, QA, RE, RO, RS, RU, RW, SA, SB, SC, SD, SE, SG, SH, SI, SJ, SK, SL, SM, SN, SO, SR, SS, ST, SV, SX, SY, SZ, TC, TD, TF, TG, TH, TJ, TK, TL, TM, TN, TO, TR, TT, TV, TW, TZ, UA, UG, UM, US, UY, UZ, VA, VC, VE, VG, VI, VN, VU, WF, WS, YE, YT, ZA, ZM, ZW",organization,addressCountry
publicart_6-0-0,Organization,Type,Contact Information,Address,string,n,n,y,option list: addressTypes,"business, home, other",organization,addressType
publicart_6-0-0,Person,Term display name,Person Information,Term,string,y,n,y,"","",person,termDisplayName
publicart_6-0-0,Person,Term name,Person Information,Term,string,n,n,y,"","",person,termName
publicart_6-0-0,Person,Term qualifier,Person Information,Term,string,n,n,y,"","",person,termQualifier
publicart_6-0-0,Person,Term status,Person Information,Term,string,n,n,y,option list: personTermStatuses,"accepted, provisional, rejected, under review",person,termStatus
publicart_6-0-0,Person,Term type,Person Information,Term,string,n,n,y,vocabulary: persontermtype,"",person,termType
publicart_6-0-0,Person,Term flag,Person Information,Term,string,n,n,y,vocabulary: persontermflag,"",person,termFlag
publicart_6-0-0,Person,Term language,Person Information,Term,string,n,n,y,vocabulary: languages,"",person,termLanguage
publicart_6-0-0,Person,Term preferred for lang,Person Information,Term,boolean,n,n,y,"","",person,termPrefForLang
publicart_6-0-0,Person,Term salutation,Person Information,Term > Name detail,string,n,n,y,option list: salutations,"dear, hello, to",person,salutation
publicart_6-0-0,Person,Term title,Person Information,Term > Name detail,string,n,n,y,option list: personTitles,"Admiral, Baron, Baroness, Captain, Commander, Commodore, Count, Countess, Dame, Dr, General, Governor, Honorable, Judge, King, Lady, Lord, Miss, Mr, Mrs, Ms, Prince, Princess, Professor, Queen, Reverend, Saint, Sir",person,title
publicart_6-0-0,Person,Term forename,Person Information,Term > Name detail,string,n,n,y,"","",person,foreName
publicart_6-0-0,Person,Term middle name,Person Information,Term > Name detail,string,n,n,y,"","",person,middleName
publicart_6-0-0,Person,Term surname,Person Information,Term > Name detail,string,n,n,y,"","",person,surName
publicart_6-0-0,Person,Term name addition,Person Information,Term > Name detail,string,n,n,y,"","",person,nameAdditions
publicart_6-0-0,Person,Term initials,Person Information,Term > Name detail,string,n,n,y,"","",person,initials
publicart_6-0-0,Person,Term source name,Person Information,Term > Source,string,n,n,y,authority: citation/local; authority: citation/worldcat,"",person,termSource
publicart_6-0-0,Person,Term source detail,Person Information,Term > Source,string,n,n,y,"","",person,termSourceDetail
publicart_6-0-0,Person,Term source ID,Person Information,Term > Source,string,n,n,y,"","",person,termSourceID
publicart_6-0-0,Person,Term source note,Person Information,Term > Source,string,n,n,y,"","",person,termSourceNote
publicart_6-0-0,Person,Birth date,Person Information,"",structured date group,n,n,n/a,"","",person,birthDateGroup
publicart_6-0-0,Person,Place of birth,Person Information,"",string,n,n,n/a,"","",person,birthPlace
publicart_6-0-0,Person,Death date,Person Information,"",structured date group,n,n,n/a,"","",person,deathDateGroup
publicart_6-0-0,Person,Place of death,Person Information,"",string,n,n,n/a,"","",person,deathPlace
publicart_6-0-0,Person,Person's organization,Person Information,"",string,n,y,n,authority: organization/local; authority: organization/shared,"",person,organization
publicart_6-0-0,Person,Social media handle,Person Information,Social media,string,n,n,y,"","",person,socialMediaHandle
publicart_6-0-0,Person,Social media type,Person Information,Social media,string,n,n,y,vocabulary: socialmediatype,"",person,socialMediaHandleType
publicart_6-0-0,Person,Biographical note,Person Information,"",string,n,n,n/a,"","",person,bioNote
publicart_6-0-0,Person,Address,Contact Information,Email,string,n,n,y,"","",person,email
publicart_6-0-0,Person,Type,Contact Information,Email,string,n,n,y,option list: emailTypes,"business, other, personal",person,emailType
publicart_6-0-0,Person,Number,Contact Information,Phone,string,n,n,y,"","",person,telephoneNumber
publicart_6-0-0,Person,Type,Contact Information,Phone,string,n,n,y,option list: telephoneNumberTypes,"business, home, mobile, other",person,telephoneNumberType
publicart_6-0-0,Person,Number,Contact Information,Fax,string,n,n,y,"","",person,faxNumber
publicart_6-0-0,Person,Type,Contact Information,Fax,string,n,n,y,option list: faxNumberTypes,"business, home, other",person,faxNumberType
publicart_6-0-0,Person,URL,Contact Information,Web site,string,n,n,y,"","",person,webAddress
publicart_6-0-0,Person,Type,Contact Information,Web site,string,n,n,y,option list: webAddressTypes,"business, other, personal",person,webAddressType
publicart_6-0-0,Person,Line 1,Contact Information,Address,string,n,n,y,"","",person,addressPlace1
publicart_6-0-0,Person,Line 2,Contact Information,Address,string,n,n,y,"","",person,addressPlace2
publicart_6-0-0,Person,Municipality,Contact Information,Address,string,n,n,y,"","",person,addressMunicipality
publicart_6-0-0,Person,State/province,Contact Information,Address,string,n,n,y,"","",person,addressStateOrProvince
publicart_6-0-0,Person,Postal code,Contact Information,Address,string,n,n,y,"","",person,addressPostCode
publicart_6-0-0,Person,Country,Contact Information,Address,string,n,n,y,option list: addressCountries,"AD, AE, AF, AG, AI, AL, AM, AO, AQ, AR, AS, AT, AU, AW, AX, AZ, BA, BB, BD, BE, BF, BG, BH, BI, BJ, BL, BM, BN, BO, BQ, BR, BS, BT, BV, BW, BY, BZ, CA, CC, CD, CF, CG, CH, CI, CK, CL, CM, CN, CO, CR, CU, CV, CW, CX, CY, CZ, DE, DJ, DK, DM, DO, DZ, EC, EE, EG, EH, ER, ES, ET, FI, FJ, FK, FM, FO, FR, GA, GB, GD, GE, GF, GG, GH, GI, GL, GM, GN, GP, GQ, GR, GS, GT, GU, GW, GY, HK, HM, HN, HR, HT, HU, ID, IE, IL, IM, IN, IO, IQ, IR, IS, IT, JE, JM, JO, JP, KE, KG, KH, KI, KM, KN, KP, KR, KW, KY, KZ, LA, LB, LC, LI, LK, LR, LS, LT, LU, LV, LY, MA, MC, MD, ME, MF, MG, MH, MK, ML, MM, MN, MO, MP, MQ, MR, MS, MT, MU, MV, MW, MX, MY, MZ, NA, NC, NE, NF, NG, NI, NL, NO, NP, NR, NU, NZ, OM, PA, PE, PF, PG, PH, PK, PL, PM, PN, PR, PS, PT, PW, PY, QA, RE, RO, RS, RU, RW, SA, SB, SC, SD, SE, SG, SH, SI, SJ, SK, SL, SM, SN, SO, SR, SS, ST, SV, SX, SY, SZ, TC, TD, TF, TG, TH, TJ, TK, TL, TM, TN, TO, TR, TT, TV, TW, TZ, UA, UG, UM, US, UY, UZ, VA, VC, VE, VG, VI, VN, VU, WF, WS, YE, YT, ZA, ZM, ZW",person,addressCountry
publicart_6-0-0,Person,Type,Contact Information,Address,string,n,n,y,option list: addressTypes,"business, home, other",person,addressType
publicart_6-0-0,Person,Pronoun supplied declined to answer,Maker-Supplied Identity Information,Pronoun,boolean,n,n,y,"","",person,declinedToAnswerPronoun
publicart_6-0-0,Person,Pronoun supplied,Maker-Supplied Identity Information,Pronoun,string,n,y,as part of larger repeating group,vocabulary: suppliedpronoun,"",person,suppliedPronoun
publicart_6-0-0,Person,Pronoun supplied use restriction,Maker-Supplied Identity Information,Pronoun,string,n,n,y,vocabulary: userestriction,"",person,useRestrictionPronoun
publicart_6-0-0,Person,Gender supplied declined to answer,Maker-Supplied Identity Information,Gender,boolean,n,n,y,"","",person,declinedToAnswerGender
publicart_6-0-0,Person,Gender supplied,Maker-Supplied Identity Information,Gender,string,n,y,as part of larger repeating group,vocabulary: suppliedgender,"",person,suppliedGender
publicart_6-0-0,Person,Gender supplied use restriction,Maker-Supplied Identity Information,Gender,string,n,n,y,vocabulary: userestriction,"",person,useRestrictionGender
publicart_6-0-0,Person,Race supplied declined to answer,Maker-Supplied Identity Information,Race,boolean,n,n,y,"","",person,declinedToAnswerRace
publicart_6-0-0,Person,Race supplied,Maker-Supplied Identity Information,Race,string,n,y,as part of larger repeating group,vocabulary: suppliedrace,"",person,suppliedRace
publicart_6-0-0,Person,Race supplied use restriction,Maker-Supplied Identity Information,Race,string,n,n,y,vocabulary: userestriction,"",person,useRestrictionRace
publicart_6-0-0,Person,Ethnicity supplied declined to answer,Maker-Supplied Identity Information,Ethnicity,boolean,n,n,y,"","",person,declinedToAnswerEthnicity
publicart_6-0-0,Person,Ethnicity supplied,Maker-Supplied Identity Information,Ethnicity,string,n,y,as part of larger repeating group,vocabulary: suppliedethnicity,"",person,suppliedEthnicity
publicart_6-0-0,Person,Ethnicity supplied use restriction,Maker-Supplied Identity Information,Ethnicity,string,n,n,y,vocabulary: userestriction,"",person,useRestrictionEthnicity
publicart_6-0-0,Person,Sexuality supplied declined to answer,Maker-Supplied Identity Information,Sexuality,boolean,n,n,y,"","",person,declinedToAnswerSexuality
publicart_6-0-0,Person,Sexuality supplied,Maker-Supplied Identity Information,Sexuality,string,n,y,as part of larger repeating group,vocabulary: suppliedsexuality,"",person,suppliedSexuality
publicart_6-0-0,Person,Sexuality supplied use restriction,Maker-Supplied Identity Information,Sexuality,string,n,n,y,vocabulary: userestriction,"",person,useRestrictionSexuality
publicart_6-0-0,Person,Birth place supplied declined to answer,Maker-Supplied Identity Information,Birth place,boolean,n,n,y,"","",person,declinedToAnswerBirthPlace
publicart_6-0-0,Person,Birth place supplied,Maker-Supplied Identity Information,Birth place,string,n,n,y,authority: place/local; authority: place/shared,"",person,suppliedBirthPlace
publicart_6-0-0,Person,Birth place supplied use restriction,Maker-Supplied Identity Information,Birth place,string,n,n,y,vocabulary: userestriction,"",person,useRestrictionBirthPlace
publicart_6-0-0,Person,Birth date supplied declined to answer,Maker-Supplied Identity Information,Supplied birth date,boolean,n,n,y,"","",person,declinedToAnswerBirthDate
publicart_6-0-0,Person,Birth date supplied,Maker-Supplied Identity Information,Supplied birth date,structured date group,n,n,y,"","",person,suppliedStructuredBirthDateGroup
publicart_6-0-0,Person,Birth date supplied use restriction,Maker-Supplied Identity Information,Supplied birth date,string,n,n,y,vocabulary: userestriction,"",person,useRestrictionBirthDate
publicart_6-0-0,Person,Other information author,Maker-Supplied Identity Information,Other information,string,n,n,y,authority: person/local; authority: person/shared,"",person,informationAuthor
publicart_6-0-0,Person,Other information date,Maker-Supplied Identity Information,Other information,date,n,n,y,"","",person,informationDate
publicart_6-0-0,Person,Other information use restriction,Maker-Supplied Identity Information,Other information,string,n,n,y,vocabulary: userestriction,"",person,informationUseRestriction
publicart_6-0-0,Person,Other information note,Maker-Supplied Identity Information,Other information,string,n,n,y,"","",person,otherInformation
publicart_6-0-0,Place,Term display name,Place Information,Term,string,y,n,y,"","",place,termDisplayName
publicart_6-0-0,Place,Term name,Place Information,Term,string,n,n,y,"","",place,termName
publicart_6-0-0,Place,Term qualifier,Place Information,Term,string,n,n,y,"","",place,termQualifier
publicart_6-0-0,Place,Term status,Place Information,Term,string,n,n,y,option list: placeTermStatuses,"accepted, provisional, rejected, under review",place,termStatus
publicart_6-0-0,Place,Term type,Place Information,Term,string,n,n,y,option list: placeTermTypes,"common, descriptive, local, native, non-native, spelling-variant, technical-scientific",place,termType
publicart_6-0-0,Place,Term flag,Place Information,Term,string,n,n,y,vocabulary: placetermflag,"",place,termFlag
publicart_6-0-0,Place,Term historical status,Place Information,Term,string,n,n,y,option list: placeHistoricalStatuses,"both, current, historical",place,historicalStatus
publicart_6-0-0,Place,Term language,Place Information,Term,string,n,n,y,vocabulary: languages,"",place,termLanguage
publicart_6-0-0,Place,Term preferred for lang,Place Information,Term,boolean,n,n,y,"","",place,termPrefForLang
publicart_6-0-0,Place,Term abbreviation,Place Information,Term > Name detail,string,n,n,y,"","",place,nameAbbrev
publicart_6-0-0,Place,Term note,Place Information,Term > Name detail,string,n,n,y,"","",place,nameNote
publicart_6-0-0,Place,Term date,Place Information,Term > Name detail,structured date group,n,n,y,"","",place,nameDateGroup
publicart_6-0-0,Place,Term source name,Place Information,Term > Source,string,n,n,y,authority: citation/local; authority: citation/worldcat,"",place,termSource
publicart_6-0-0,Place,Term source detail,Place Information,Term > Source,string,n,n,y,"","",place,termSourceDetail
publicart_6-0-0,Place,Term source ID,Place Information,Term > Source,string,n,n,y,"","",place,termSourceID
publicart_6-0-0,Place,Term source note,Place Information,Term > Source,string,n,n,y,"","",place,termSourceNote
publicart_6-0-0,Place,Placement type,Place Information,"",string,n,y,n,vocabulary: placementtypes,"",place,placementType
publicart_6-0-0,Place,Place type,Place Information,"",string,n,y,n,vocabulary: placetypes,"",place,publicArtPlaceType
publicart_6-0-0,Place,Placement environment,Place Information,"",string,n,n,n/a,option list: placementEnvironments,"both, indoor, outdoor",place,placementEnvironment
publicart_6-0-0,Place,Owner,Place Information,Ownership,string,n,n,y,authority: person/local; authority: person/shared; authority: organization/local; authority: organization/shared,"",place,owner
publicart_6-0-0,Place,Owner type,Place Information,Ownership,string,n,n,y,option list: placeOwnerTypes,"private, public",place,ownerType
publicart_6-0-0,Place,Ownership date,Place Information,Ownership,structured date group,n,n,y,"","",place,ownershipDateGroup
publicart_6-0-0,Place,Ownership note,Place Information,Ownership,string,n,n,y,"","",place,ownershipNote
publicart_6-0-0,Place,Place note,Place Information,"",string,n,n,n/a,"","",place,placeNote
publicart_6-0-0,Place,Address line 1,Place Information,Address,string,n,n,y,"","",place,addressPlace1
publicart_6-0-0,Place,Address line 2,Place Information,Address,string,n,n,y,"","",place,addressPlace2
publicart_6-0-0,Place,Address municipality,Place Information,Address,string,n,n,y,authority: place/local; authority: place/shared,"",place,addressMunicipality
publicart_6-0-0,Place,Address county,Place Information,Address,string,n,n,y,authority: place/local; authority: place/shared,"",place,addressCounty
publicart_6-0-0,Place,Address state/province,Place Information,Address,string,n,n,y,authority: place/local; authority: place/shared,"",place,addressStateOrProvince
publicart_6-0-0,Place,Address postal code,Place Information,Address,string,n,n,y,"","",place,addressPostCode
publicart_6-0-0,Place,Address country,Place Information,Address,string,n,n,y,authority: place/local; authority: place/shared,"",place,addressCountry
publicart_6-0-0,Place,Address type,Place Information,Address,string,n,n,y,vocabulary: addresstype,"",place,addressType
publicart_6-0-0,Place,Georeference decimal latitude,Georeference Information,Georeference,float,n,n,y,"","",place,decimalLatitude
publicart_6-0-0,Place,Georeference decimal longitude,Georeference Information,Georeference,float,n,n,y,"","",place,decimalLongitude
publicart_6-0-0,Place,Georeference datum,Georeference Information,Georeference,string,n,n,y,option list: geodeticDatums,"epsg4267-nad27, epsg4269-nad83, epsg4326-wgs84, unknown",place,geodeticDatum
publicart_6-0-0,Place,Georeference uncertainty (m),Georeference Information,Georeference,integer,n,n,y,"","",place,coordUncertaintyInMeters
publicart_6-0-0,Place,Georeference precision,Georeference Information,Georeference,string,n,n,y,"","",place,coordPrecision
publicart_6-0-0,Place,Georeference point radius spatial fit,Georeference Information,Georeference,string,n,n,y,"","",place,pointRadiusSpatialFit
publicart_6-0-0,Place,Georeference footprint WKT,Georeference Information,Georeference,string,n,n,y,"","",place,footprintWKT
publicart_6-0-0,Place,Georeference footprint SRS,Georeference Information,Georeference,string,n,n,y,"","",place,footprintSRS
publicart_6-0-0,Place,Georeference footprint spatial fit,Georeference Information,Georeference,string,n,n,y,"","",place,footprintSpatialFit
publicart_6-0-0,Place,Georeferenced by,Georeference Information,Georeference,string,n,n,y,authority: person/local; authority: person/shared; authority: organization/local; authority: organization/shared,"",place,geoReferencedBy
publicart_6-0-0,Place,Georeference date,Georeference Information,Georeference,structured date group,n,n,y,"","",place,geoRefDateGroup
publicart_6-0-0,Place,Georeference protocol,Georeference Information,Georeference,string,n,n,y,option list: geoRefProtocols,"biogeomancer, chapman-wieczorek-2006-guide-best-practices-georeferencing, georeferencing-dummies, manis-herpnet-ornis-georeferencing-guidelines",place,geoRefProtocol
publicart_6-0-0,Place,Georeference source,Georeference Information,Georeference,string,n,n,y,"","",place,geoRefSource
publicart_6-0-0,Place,Georeference verification,Georeference Information,Georeference,string,n,n,y,option list: geoRefVerificationStatuses,"unverified, verified-contributor, verified-data-custodian",place,geoRefVerificationStatus
publicart_6-0-0,Place,Georeference remarks,Georeference Information,Georeference,string,n,n,y,"","",place,geoRefRemarks
publicart_6-0-0,Place,Georeference place name,Georeference Information,Georeference,string,n,n,y,"","",place,geoRefPlaceName
publicart_6-0-0,Transport,Transport reference number,Transport Information,"",string,y,n,n/a,"","",transport,transportReferenceNumber
publicart_6-0-0,Transport,Transport method,Transport Information,"",string,n,n,n/a,option list: transportMethodTypes,"LOFO freight, cargo aircraft, combi aircraft, common carrier, exclusive-use truck, expedited use freight, mail, non-commercial carrier, ocean freight, passenger aircraft, shuttle service",transport,transportMethod
publicart_6-0-0,Transport,Number of crates/objects,Transport Information,"",integer,n,n,n/a,"","",transport,numberOfCrates
publicart_6-0-0,Transport,Transporter name,Transport Information,Transporter,string,n,n,n/a,authority: person/local; authority: person/shared; authority: organization/local; authority: organization/shared,"",transport,transporter
publicart_6-0-0,Transport,Transporter contact,Transport Information,Transporter,string,n,n,n/a,authority: person/local; authority: person/shared,"",transport,transporterContact
publicart_6-0-0,Transport,Transporter contact number,Transport Information,Transporter,string,n,n,n/a,"","",transport,transporterContactNumber
publicart_6-0-0,Transport,Transport authorizer,Transport Information,Authorization,string,n,n,n/a,authority: person/local; authority: person/shared,"",transport,transportAuthorizer
publicart_6-0-0,Transport,Authorization date,Transport Information,Authorization,date,n,n,n/a,"","",transport,transportAuthorizationDate
publicart_6-0-0,Transport,Tracking number,Transport Information,Tracking number,string,n,n,y,"","",transport,transportTrackingNumber
publicart_6-0-0,Transport,Tracking number note,Transport Information,Tracking number,string,n,n,y,"","",transport,transportTrackingNumberNote
publicart_6-0-0,Transport,Departure point,Transport Information,Departure,string,n,n,n/a,authority: organization/local; authority: organization/shared; authority: place/local,"",transport,departurePoint
publicart_6-0-0,Transport,Departure date,Transport Information,Departure,date,n,n,n/a,"","",transport,transportDepartureDate
publicart_6-0-0,Transport,Departure time,Transport Information,Departure,string,n,n,n/a,"","",transport,transportDepartureTime
publicart_6-0-0,Transport,Arrival point,Transport Information,Arrival,string,n,n,n/a,authority: place/local; authority: place/shared; authority: organization/local; authority: organization/shared,"",transport,destination
publicart_6-0-0,Transport,Arrival date,Transport Information,Arrival,date,n,n,n/a,"","",transport,transportArrivalDate
publicart_6-0-0,Transport,Arrival time,Transport Information,Arrival,string,n,n,n/a,"","",transport,transportArrivalTime
publicart_6-0-0,Transport,Courier name,Transport Information,Courier,string,n,n,y,authority: person/local; authority: person/shared; authority: organization/local; authority: organization/shared,"",transport,courier
publicart_6-0-0,Transport,Courier contact number,Transport Information,Courier,string,n,n,y,"","",transport,courierContactNumber
publicart_6-0-0,Transport,Note,Transport Information,"",string,n,n,n/a,"","",transport,transportRemarks
publicart_6-0-0,Transport,Transport cost type,Cost Information,"",string,n,n,n/a,vocabulary: transportcosttype,"",transport,transportCostType
publicart_6-0-0,Transport,Transport cost responsible party,Cost Information,"",string,n,n,n/a,vocabulary: transportresponsibleparty,"",transport,transportCostResponsibleParty
publicart_6-0-0,Transport,Insurance/indemnity cost responsible party,Cost Information,"",string,n,n,n/a,vocabulary: transportresponsibleparty,"",transport,insuranceCostResponsibleParty
publicart_6-0-0,Transport,Final shipping cost currency,Cost Information,Final shipping cost,string,n,n,n/a,vocabulary: currency,"",transport,finalShippingCostCurrency
publicart_6-0-0,Transport,Final shipping cost value,Cost Information,Final shipping cost,float,n,n,n/a,"","",transport,finalShippingCostValue
publicart_6-0-0,Transport,Customs broker name,Cost Information,Customs broker,string,n,n,n/a,authority: person/local; authority: person/shared; authority: organization/local; authority: organization/shared,"",transport,customsBroker
publicart_6-0-0,Transport,Customs broker contact,Cost Information,Customs broker,string,n,n,n/a,authority: person/local; authority: person/shared,"",transport,customsBrokerContact
publicart_6-0-0,Transport,Declared value for customs currency,Cost Information,Declared value for customs,string,n,n,n/a,vocabulary: currency,"",transport,customsDeclaredValueCurrency
publicart_6-0-0,Transport,Declared value for customs amount,Cost Information,Declared value for customs,float,n,n,n/a,"","",transport,customsDeclaredValueAmount
publicart_6-0-0,Transport,Customs fee currency,Cost Information,Customs fee,string,n,n,n/a,vocabulary: currency,"",transport,customsFeeCurrency
publicart_6-0-0,Transport,Customs fee value,Cost Information,Customs fee,float,n,n,n/a,"","",transport,customsFeeValue
publicart_6-0-0,Transport,Customs fee note,Cost Information,Customs fee,string,n,n,n/a,"","",transport,customsFeeNote
publicart_6-0-0,Transport,Additional cost type,Cost Information,Additional cost,string,n,n,y,vocabulary: transportadditionalcosttype,"",transport,additionalCostsType
publicart_6-0-0,Transport,Additional cost currency,Cost Information,Additional cost,string,n,n,y,vocabulary: currency,"",transport,additionalCostsCurrency
publicart_6-0-0,Transport,Additional cost value,Cost Information,Additional cost,float,n,n,y,"","",transport,additionalCostsValue
publicart_6-0-0,Transport,Shipping quote provider,Cost Information,"",string,n,n,y,authority: person/local; authority: person/shared; authority: organization/local; authority: organization/shared,"",transport,shippingQuoteProvider
publicart_6-0-0,Transport,Shipping quote currency,Cost Information,"",string,n,n,y,vocabulary: currency,"",transport,shippingQuoteCurrency
publicart_6-0-0,Transport,Shipping quote value,Cost Information,"",float,n,n,y,"","",transport,shippingQuoteValue
publicart_6-0-0,Transport,Shipping quote date,Cost Information,"",date,n,n,y,"","",transport,shippingQuoteDate
publicart_6-0-0,Use of Collections,Reference number,Use of Collections Information,"",string,y,n,n/a,"","",uoc,referenceNumber
publicart_6-0-0,Use of Collections,Method,Use of Collections Information,"",string,n,y,n,vocabulary: uocmethods,"",uoc,method
publicart_6-0-0,Use of Collections,Collection type,Use of Collections Information,"",string,n,y,n,vocabulary: uoccollectiontypes,"",uoc,collectionType
publicart_6-0-0,Use of Collections,Project ID,Use of Collections Information,"",string,n,n,n/a,vocabulary: uocprojectid,"",uoc,projectId
publicart_6-0-0,Use of Collections,Subcollection,Use of Collections Information,"",string,n,n,n/a,vocabulary: uocsubcollections,"",uoc,subcollection
publicart_6-0-0,Use of Collections,Material type,Use of Collections Information,"",string,n,y,n,vocabulary: uocmaterialtypes,"",uoc,materialType
publicart_6-0-0,Use of Collections,User name,Use of Collections Information,User,string,n,n,y,authority: person/local; authority: person/shared; authority: organization/local; authority: organization/shared,"",uoc,user
publicart_6-0-0,Use of Collections,User role,Use of Collections Information,User,string,n,n,y,vocabulary: uocuserroles,"",uoc,userUocRole
publicart_6-0-0,Use of Collections,User institution,Use of Collections Information,User,string,n,n,y,authority: organization/local; authority: organization/shared,"",uoc,userInstitution
publicart_6-0-0,Use of Collections,User institution role,Use of Collections Information,User,string,n,n,y,vocabulary: uocusertypes,"",uoc,userInstitutionRole
publicart_6-0-0,Use of Collections,Title,Use of Collections Information,"",string,n,n,n/a,"","",uoc,title
publicart_6-0-0,Use of Collections,Date requested,Use of Collections Information,"",date,n,n,n/a,"","",uoc,dateRequested
publicart_6-0-0,Use of Collections,Date completed,Use of Collections Information,"",date,n,n,n/a,"","",uoc,dateCompleted
publicart_6-0-0,Use of Collections,Occasion,Use of Collections Information,"",string,n,y,n,authority: concept/occasion,"",uoc,occasion
publicart_6-0-0,Use of Collections,Project description,Use of Collections Information,"",string,n,n,n/a,"","",uoc,projectDescription
publicart_6-0-0,Use of Collections,Authorized by,Use of Collections Information,Authorization,string,n,n,y,authority: person/local; authority: person/shared; authority: organization/local; authority: organization/shared,"",uoc,authorizedBy
publicart_6-0-0,Use of Collections,Authorization date,Use of Collections Information,Authorization,date,n,n,y,"","",uoc,authorizationDate
publicart_6-0-0,Use of Collections,Authorization status,Use of Collections Information,Authorization,string,n,n,y,vocabulary: uocauthorizationstatuses,"",uoc,authorizationStatus
publicart_6-0-0,Use of Collections,Authorization note,Use of Collections Information,Authorization,string,n,n,y,"","",uoc,authorizationNote
publicart_6-0-0,Use of Collections,Start/ongoing date,Use of Collections Information,Start/ongoing date,date,n,n,y,"","",uoc,useDate
publicart_6-0-0,Use of Collections,Start/ongoing date time note,Use of Collections Information,Start/ongoing date,string,n,n,y,"","",uoc,useDateTimeNote
publicart_6-0-0,Use of Collections,Start/ongoing date no. of visitors,Use of Collections Information,Start/ongoing date,integer,n,n,y,"","",uoc,useDateNumberOfVisitors
publicart_6-0-0,Use of Collections,Start/ongoing date hours spent,Use of Collections Information,Start/ongoing date,float,n,n,y,"","",uoc,useDateHoursSpent
publicart_6-0-0,Use of Collections,Start/ongoing date visitor note,Use of Collections Information,Start/ongoing date,string,n,n,y,"","",uoc,useDateVisitorNote
publicart_6-0-0,Use of Collections,End date,Use of Collections Information,"",date,n,n,n/a,"","",uoc,endDate
publicart_6-0-0,Use of Collections,Staff name,Use of Collections Information,Staff,string,n,n,y,authority: person/local; authority: person/shared; authority: organization/local; authority: organization/shared,"",uoc,staffName
publicart_6-0-0,Use of Collections,Staff role,Use of Collections Information,Staff,string,n,n,y,vocabulary: uocstaffroles,"",uoc,staffRole
publicart_6-0-0,Use of Collections,Staff hours spent,Use of Collections Information,Staff,float,n,n,y,"","",uoc,staffHours
publicart_6-0-0,Use of Collections,Staff note,Use of Collections Information,Staff,string,n,n,y,"","",uoc,staffNote
publicart_6-0-0,Use of Collections,Location,Use of Collections Information,"",string,n,y,n,authority: organization/local; authority: organization/shared; authority: place/local; authority: place/shared; authority: location/local,"",uoc,location
publicart_6-0-0,Use of Collections,Fee currency,Use of Collections Information,Fee charged,string,n,n,y,vocabulary: currency,"",uoc,feeCurrency
publicart_6-0-0,Use of Collections,Fee value,Use of Collections Information,Fee charged,float,n,n,y,"","",uoc,feeValue
publicart_6-0-0,Use of Collections,Fee paid,Use of Collections Information,Fee charged,boolean,n,n,y,"","",uoc,feePaid
publicart_6-0-0,Use of Collections,Fee note,Use of Collections Information,Fee charged,string,n,n,y,"","",uoc,feeNote
publicart_6-0-0,Use of Collections,Note,Use of Collections Information,"",string,n,n,n/a,"","",uoc,note
publicart_6-0-0,Use of Collections,Provisos,Use of Collections Information,"",string,n,n,n/a,"","",uoc,provisos
publicart_6-0-0,Use of Collections,Obligations fulfilled,Use of Collections Information,"",boolean,n,n,n/a,"","",uoc,obligationsFulfilled
publicart_6-0-0,Use of Collections,Result,Use of Collections Information,"",string,n,n,n/a,"","",uoc,result
publicart_6-0-0,Valuation Control,Reference number,Object Valuation Information,"",string,y,n,n/a,"","",valuation,valuationcontrolRefNumber
publicart_6-0-0,Valuation Control,Amount currency,Object Valuation Information,Amount,string,n,n,y,vocabulary: currency,"",valuation,valueCurrency
publicart_6-0-0,Valuation Control,Amount value,Object Valuation Information,Amount,float,n,n,y,"","",valuation,valueAmount
publicart_6-0-0,Valuation Control,Date,Object Valuation Information,"",date,n,n,n/a,"","",valuation,valueDate
publicart_6-0-0,Valuation Control,Renewal date,Object Valuation Information,"",date,n,n,n/a,"","",valuation,valueRenewalDate
publicart_6-0-0,Valuation Control,Source,Object Valuation Information,"",string,n,n,n/a,authority: person/local; authority: person/shared; authority: organization/local; authority: organization/shared,"",valuation,valueSource
publicart_6-0-0,Valuation Control,Source role,Object Valuation Information,"",string,n,n,n/a,vocabulary: valuationsourcerole,"",valuation,valueSourceRole
publicart_6-0-0,Valuation Control,Type,Object Valuation Information,"",string,n,n,n/a,option list: valueTypes,"Current Value, Original Value, Replacement Value",valuation,valueType
publicart_6-0-0,Valuation Control,Note,Object Valuation Information,"",string,n,n,n/a,"","",valuation,valueNote
publicart_6-0-0,Valuation Control,Insurer,Insurance Information,Insurance,string,n,n,y,authority: person/local; authority: person/shared; authority: organization/local; authority: organization/shared,"",valuation,insurer
publicart_6-0-0,Valuation Control,Insurance note,Insurance Information,Insurance,string,n,n,y,"","",valuation,insuranceNote
publicart_6-0-0,Valuation Control,Insurance policy number,Insurance Information,Insurance,string,n,n,y,"","",valuation,insurancePolicyNumber
publicart_6-0-0,Valuation Control,Insurance renewal date,Insurance Information,Insurance,date,n,n,y,"","",valuation,insuranceRenewalDate
publicart_6-0-0,Work,Term display name,Work Information,Term,string,y,n,y,"","",work,termDisplayName
publicart_6-0-0,Work,Term name,Work Information,Term,string,n,n,y,"","",work,termName
publicart_6-0-0,Work,Term qualifier,Work Information,Term,string,n,n,y,"","",work,termQualifier
publicart_6-0-0,Work,Term status,Work Information,Term,string,n,n,y,option list: workTermStatuses,"complete, inprogress, quickaddedneedsattention",work,termStatus
publicart_6-0-0,Work,Term type,Work Information,Term,string,n,n,y,"","",work,termType
publicart_6-0-0,Work,Term flag,Work Information,Term,string,n,n,y,vocabulary: worktermflag,"",work,termFlag
publicart_6-0-0,Work,Term language,Work Information,Term,string,n,n,y,vocabulary: languages,"",work,termLanguage
publicart_6-0-0,Work,Term preferred for lang,Work Information,Term,boolean,n,n,y,"","",work,termPrefForLang
publicart_6-0-0,Work,Term source name,Work Information,Term > Source,string,n,n,y,authority: citation/local; authority: citation/worldcat,"",work,termSource
publicart_6-0-0,Work,Term source detail,Work Information,Term > Source,string,n,n,y,"","",work,termSourceDetail
publicart_6-0-0,Work,Term source ID,Work Information,Term > Source,string,n,n,y,"","",work,termSourceID
publicart_6-0-0,Work,Term source note,Work Information,Term > Source,string,n,n,y,"","",work,termSourceNote
publicart_6-0-0,Work,Work type,Work Information,"",string,n,n,n/a,vocabulary: worktype,"",work,workType
publicart_6-0-0,Work,Work date,Work Information,"",structured date group,n,y,n,"","",work,workDateGroup
publicart_6-0-0,Work,Creator name,Work Information,Creator,string,n,n,y,authority: person/local; authority: person/shared; authority: organization/local; authority: organization/shared,"",work,creator
publicart_6-0-0,Work,Creator type,Work Information,Creator,string,n,n,y,vocabulary: workcreatortype,"",work,creatorType
publicart_6-0-0,Work,Address line 1,Work Information,Address,string,n,n,y,"","",work,addressPlace1
publicart_6-0-0,Work,Address line 2,Work Information,Address,string,n,n,y,"","",work,addressPlace2
publicart_6-0-0,Work,Address municipality,Work Information,Address,string,n,n,y,authority: place/local; authority: place/shared,"",work,addressMunicipality
publicart_6-0-0,Work,Address county,Work Information,Address,string,n,n,y,authority: place/local; authority: place/shared,"",work,addressCounty
publicart_6-0-0,Work,Address state/province,Work Information,Address,string,n,n,y,authority: place/local; authority: place/shared,"",work,addressStateOrProvince
publicart_6-0-0,Work,Address postal code,Work Information,Address,string,n,n,y,"","",work,addressPostCode
publicart_6-0-0,Work,Address country,Work Information,Address,string,n,n,y,authority: place/local; authority: place/shared,"",work,addressCountry
publicart_6-0-0,Work,Address type,Work Information,Address,string,n,n,y,vocabulary: addresstype,"",work,addressType
